[
    {
        "PrcsParmtrName": "",
        "PrcsParmtrValueOne": "",
        "PrcsParmtrX": "",
        "UnitSystemName": "US Customary",
        "UnitName": "Miles",
        "UnitAbrvName": "mi",
        "UnitInputType": "Double",
        "LowQtyInputLmt": "0.00",
        "HighQtyInputLmt": "1,000,000.00",
        "UnitId": "10"
    },
        {
        "PrcsParmtrName": "",
        "PrcsParmtrValueOne": "",
        "PrcsParmtrX": "",
        "UnitSystemName": "SI",
        "UnitName": "Kilometers",
        "UnitAbrvName": "km",
        "UnitInputType": "Double",
        "LowQtyInputLmt": "0",
        "HighQtyInputLmt": "1,000,000.00",
        "UnitId": "12"
    }
]