[
    {
        "PrcsParmtrName": "",
        "PrcsParmtrValueOne": "",
        "PrcsParmtrX": "",
        "ClientProfileImg": "https://placekitten.com/g/200/300",
        "ClientFirstName": "Cookie",
        "ClientPrefrdName": "CC",
        "ClientLastName": "Monster",
        "VisualName1": "Heading 2",
        "VisualType1": "Middle Navy",
        "VisualFnctn1": "Clickable",
        "CnctnStatusName": "Disconnected",
        "VisualName2": "Status Card",
        "VisualType2": "Disconnected"
    }
]