[
    {
      "PrcsParmtrName": "Section",
      "PrcsParmtrValueOne": "Header",
      "PrcsParmtrX": "",
      "Date": "",
      "Month": "May",
      "Year": 2022,
      "Day": "",
      "DayofWeek": "",
      "VisualName1": "Month Selector",
      "VisualType1": "Header"
    },
    {
      "PrcsParmtrName": "Section",
      "PrcsParmtrValueOne": "Day of Week",
      "PrcsParmtrX": "",
      "Date": "",
      "Month": "",
      "Year": "",
      "Day": "",
      "DayofWeek": "SUN",
      "VisualName1": "Month Selector",
      "VisualType1": "Day of Week"
    },
    {
      "PrcsParmtrName": "Section",
      "PrcsParmtrValueOne": "Day of Week",
      "PrcsParmtrX": "",
      "Date": "",
      "Month": "",
      "Year": "",
      "Day": "",
      "DayofWeek": "MON",
      "VisualName1": "Month Selector",
      "VisualType1": "Day of Week"
    },
    {
      "PrcsParmtrName": "Section",
      "PrcsParmtrValueOne": "Day of Week",
      "PrcsParmtrX": "",
      "Date": "",
      "Month": "",
      "Year": "",
      "Day": "",
      "DayofWeek": "TUE",
      "VisualName1": "Month Selector",
      "VisualType1": "Day of Week"
    },
    {
      "PrcsParmtrName": "Section",
      "PrcsParmtrValueOne": "Day of Week",
      "PrcsParmtrX": "",
      "Date": "",
      "Month": "",
      "Year": "",
      "Day": "",
      "DayofWeek": "WED",
      "VisualName1": "Month Selector",
      "VisualType1": "Day of Week"
    },
    {
      "PrcsParmtrName": "Section",
      "PrcsParmtrValueOne": "Day of Week",
      "PrcsParmtrX": "",
      "Date": "",
      "Month": "",
      "Year": "",
      "Day": "",
      "DayofWeek": "THU",
      "VisualName1": "Month Selector",
      "VisualType1": "Day of Week"
    },
    {
      "PrcsParmtrName": "Section",
      "PrcsParmtrValueOne": "Day of Week",
      "PrcsParmtrX": "",
      "Date": "",
      "Month": "",
      "Year": "",
      "Day": "",
      "DayofWeek": "FRI",
      "VisualName1": "Month Selector",
      "VisualType1": "Day of Week"
    },
    {
      "PrcsParmtrName": "Section",
      "PrcsParmtrValueOne": "Day of Week",
      "PrcsParmtrX": "",
      "Date": "",
      "Month": "",
      "Year": "",
      "Day": "",
      "DayofWeek": "SAT",
      "VisualName1": "Month Selector",
      "VisualType1": "Day of Week"
    },
    {
      "PrcsParmtrName": "Section",
      "PrcsParmtrValueOne": "Calendar",
      "PrcsParmtrX": "",
      "Date": "05/01/2022",
      "Month": "May",
      "Year": 2022,
      "Day": 1,
      "DayofWeek": "SUN",
      "VisualName1": "Month Selector",
      "VisualType1": "Current Date"
    },
    {
      "PrcsParmtrName": "Section",
      "PrcsParmtrValueOne": "Calendar",
      "PrcsParmtrX": "",
      "Date": "05/02/2022",
      "Month": "May",
      "Year": 2022,
      "Day": 2,
      "DayofWeek": "MON",
      "VisualName1": "Month Selector",
      "VisualType1": "Current Date"
    },
    {
      "PrcsParmtrName": "Section",
      "PrcsParmtrValueOne": "Calendar",
      "PrcsParmtrX": "",
      "Date": "05/03/2022",
      "Month": "May",
      "Year": 2022,
      "Day": 3,
      "DayofWeek": "TUE",
      "VisualName1": "Month Selector",
      "VisualType1": "Current Date"
    },
    {
      "PrcsParmtrName": "Section",
      "PrcsParmtrValueOne": "Calendar",
      "PrcsParmtrX": "",
      "Date": "05/04/2022",
      "Month": "May",
      "Year": 2022,
      "Day": 4,
      "DayofWeek": "WED",
      "VisualName1": "Month Selector",
      "VisualType1": "Current Date"
    },
    {
      "PrcsParmtrName": "Section",
      "PrcsParmtrValueOne": "Calendar",
      "PrcsParmtrX": "",
      "Date": "05/05/2022",
      "Month": "May",
      "Year": 2022,
      "Day": 5,
      "DayofWeek": "THU",
      "VisualName1": "Month Selector",
      "VisualType1": "Current Date"
    },
    {
      "PrcsParmtrName": "Section",
      "PrcsParmtrValueOne": "Calendar",
      "PrcsParmtrX": "",
      "Date": "05/06/2022",
      "Month": "May",
      "Year": 2022,
      "Day": 6,
      "DayofWeek": "FRI",
      "VisualName1": "Month Selector",
      "VisualType1": "Current Date"
    },
    {
      "PrcsParmtrName": "Section",
      "PrcsParmtrValueOne": "Calendar",
      "PrcsParmtrX": "",
      "Date": "05/07/2022",
      "Month": "May",
      "Year": 2022,
      "Day": 7,
      "DayofWeek": "SAT",
      "VisualName1": "Month Selector",
      "VisualType1": "Current Date"
    },
    {
      "PrcsParmtrName": "Section",
      "PrcsParmtrValueOne": "Calendar",
      "PrcsParmtrX": "",
      "Date": "05/08/2022",
      "Month": "May",
      "Year": 2022,
      "Day": 8,
      "DayofWeek": "SUN",
      "VisualName1": "Month Selector",
      "VisualType1": "Current Date"
    },
    {
      "PrcsParmtrName": "Section",
      "PrcsParmtrValueOne": "Calendar",
      "PrcsParmtrX": "",
      "Date": "05/09/2022",
      "Month": "May",
      "Year": 2022,
      "Day": 9,
      "DayofWeek": "MON",
      "VisualName1": "Month Selector",
      "VisualType1": "Current Date"
    },
    {
      "PrcsParmtrName": "Section",
      "PrcsParmtrValueOne": "Calendar",
      "PrcsParmtrX": "",
      "Date": "05/10/2022",
      "Month": "May",
      "Year": 2022,
      "Day": 10,
      "DayofWeek": "TUE",
      "VisualName1": "Month Selector",
      "VisualType1": "Current Date"
    },
    {
      "PrcsParmtrName": "Section",
      "PrcsParmtrValueOne": "Calendar",
      "PrcsParmtrX": "",
      "Date": "05/11/2022",
      "Month": "May",
      "Year": 2022,
      "Day": 11,
      "DayofWeek": "WED",
      "VisualName1": "Month Selector",
      "VisualType1": "Current Date"
    },
    {
      "PrcsParmtrName": "Section",
      "PrcsParmtrValueOne": "Calendar",
      "PrcsParmtrX": "",
      "Date": "05/12/2022",
      "Month": "May",
      "Year": 2022,
      "Day": 12,
      "DayofWeek": "THU",
      "VisualName1": "Month Selector",
      "VisualType1": "Current Date"
    },
    {
      "PrcsParmtrName": "Section",
      "PrcsParmtrValueOne": "Calendar",
      "PrcsParmtrX": "",
      "Date": "05/13/2022",
      "Month": "May",
      "Year": 2022,
      "Day": 13,
      "DayofWeek": "FRI",
      "VisualName1": "Month Selector",
      "VisualType1": "Current Date"
    },
    {
      "PrcsParmtrName": "Section",
      "PrcsParmtrValueOne": "Calendar",
      "PrcsParmtrX": "",
      "Date": "05/14/2022",
      "Month": "May",
      "Year": 2022,
      "Day": 14,
      "DayofWeek": "SAT",
      "VisualName1": "Month Selector",
      "VisualType1": "Current Date"
    },
    {
      "PrcsParmtrName": "Section",
      "PrcsParmtrValueOne": "Calendar",
      "PrcsParmtrX": "",
      "Date": "05/15/2022",
      "Month": "May",
      "Year": 2022,
      "Day": 15,
      "DayofWeek": "SUN",
      "VisualName1": "Month Selector",
      "VisualType1": "Current Date"
    },
    {
      "PrcsParmtrName": "Section",
      "PrcsParmtrValueOne": "Calendar",
      "PrcsParmtrX": "",
      "Date": "05/16/2022",
      "Month": "May",
      "Year": 2022,
      "Day": 16,
      "DayofWeek": "MON",
      "VisualName1": "Month Selector",
      "VisualType1": "Current Date"
    },
    {
      "PrcsParmtrName": "Section",
      "PrcsParmtrValueOne": "Calendar",
      "PrcsParmtrX": "",
      "Date": "05/17/2022",
      "Month": "May",
      "Year": 2022,
      "Day": 17,
      "DayofWeek": "TUE",
      "VisualName1": "Month Selector",
      "VisualType1": "Current Date"
    },
    {
      "PrcsParmtrName": "Section",
      "PrcsParmtrValueOne": "Calendar",
      "PrcsParmtrX": "",
      "Date": "05/18/2022",
      "Month": "May",
      "Year": 2022,
      "Day": 18,
      "DayofWeek": "WED",
      "VisualName1": "Month Selector",
      "VisualType1": "Today's Date"
    },
    {
      "PrcsParmtrName": "Section",
      "PrcsParmtrValueOne": "Calendar",
      "PrcsParmtrX": "",
      "Date": "05/19/2022",
      "Month": "May",
      "Year": 2022,
      "Day": 19,
      "DayofWeek": "THU",
      "VisualName1": "Month Selector",
      "VisualType1": "Current Date"
    },
    {
      "PrcsParmtrName": "Section",
      "PrcsParmtrValueOne": "Calendar",
      "PrcsParmtrX": "",
      "Date": "05/20/2022",
      "Month": "May",
      "Year": 2022,
      "Day": 20,
      "DayofWeek": "FRI",
      "VisualName1": "Month Selector",
      "VisualType1": "Current Date"
    },
    {
      "PrcsParmtrName": "Section",
      "PrcsParmtrValueOne": "Calendar",
      "PrcsParmtrX": "",
      "Date": "05/21/2022",
      "Month": "May",
      "Year": 2022,
      "Day": 21,
      "DayofWeek": "SAT",
      "VisualName1": "Month Selector",
      "VisualType1": "Current Date"
    },
    {
      "PrcsParmtrName": "Section",
      "PrcsParmtrValueOne": "Calendar",
      "PrcsParmtrX": "",
      "Date": "05/22/2022",
      "Month": "May",
      "Year": 2022,
      "Day": 22,
      "DayofWeek": "SUN",
      "VisualName1": "Month Selector",
      "VisualType1": "Current Date"
    },
    {
      "PrcsParmtrName": "Section",
      "PrcsParmtrValueOne": "Calendar",
      "PrcsParmtrX": "",
      "Date": "05/23/2022",
      "Month": "May",
      "Year": 2022,
      "Day": 23,
      "DayofWeek": "MON",
      "VisualName1": "Month Selector",
      "VisualType1": "Current Date"
    },
    {
      "PrcsParmtrName": "Section",
      "PrcsParmtrValueOne": "Calendar",
      "PrcsParmtrX": "",
      "Date": "05/24/2022",
      "Month": "May",
      "Year": 2022,
      "Day": 24,
      "DayofWeek": "TUE",
      "VisualName1": "Month Selector",
      "VisualType1": "Current Date"
    },
    {
      "PrcsParmtrName": "Section",
      "PrcsParmtrValueOne": "Calendar",
      "PrcsParmtrX": "",
      "Date": "05/25/2022",
      "Month": "May",
      "Year": 2022,
      "Day": 25,
      "DayofWeek": "WED",
      "VisualName1": "Month Selector",
      "VisualType1": "Current Date"
    },
    {
      "PrcsParmtrName": "Section",
      "PrcsParmtrValueOne": "Calendar",
      "PrcsParmtrX": "",
      "Date": "05/26/2022",
      "Month": "May",
      "Year": 2022,
      "Day": 26,
      "DayofWeek": "THU",
      "VisualName1": "Month Selector",
      "VisualType1": "Current Date"
    },
    {
      "PrcsParmtrName": "Section",
      "PrcsParmtrValueOne": "Calendar",
      "PrcsParmtrX": "",
      "Date": "05/27/2022",
      "Month": "May",
      "Year": 2022,
      "Day": 27,
      "DayofWeek": "FRI",
      "VisualName1": "Month Selector",
      "VisualType1": "Current Date"
    },
    {
      "PrcsParmtrName": "Section",
      "PrcsParmtrValueOne": "Calendar",
      "PrcsParmtrX": "",
      "Date": "05/28/2022",
      "Month": "May",
      "Year": 2022,
      "Day": 28,
      "DayofWeek": "SAT",
      "VisualName1": "Month Selector",
      "VisualType1": "Current Date"
    },
    {
      "PrcsParmtrName": "Section",
      "PrcsParmtrValueOne": "Calendar",
      "PrcsParmtrX": "",
      "Date": "05/29/2022",
      "Month": "May",
      "Year": 2022,
      "Day": 29,
      "DayofWeek": "SUN",
      "VisualName1": "Month Selector",
      "VisualType1": "Current Date"
    },
    {
      "PrcsParmtrName": "Section",
      "PrcsParmtrValueOne": "Calendar",
      "PrcsParmtrX": "",
      "Date": "05/30/2022",
      "Month": "May",
      "Year": 2022,
      "Day": 30,
      "DayofWeek": "MON",
      "VisualName1": "Month Selector",
      "VisualType1": "Current Date"
    },
    {
      "PrcsParmtrName": "Section",
      "PrcsParmtrValueOne": "Calendar",
      "PrcsParmtrX": "",
      "Date": "05/31/2022",
      "Month": "May",
      "Year": 2022,
      "Day": 31,
      "DayofWeek": "TUE",
      "VisualName1": "Month Selector",
      "VisualType1": "Current Date"
    },
    {
      "PrcsParmtrName": "Section",
      "PrcsParmtrValueOne": "Calendar",
      "PrcsParmtrX": "",
      "Date": "06/01/2022",
      "Month": "Jun",
      "Year": 2022,
      "Day": 1,
      "DayofWeek": "WED",
      "VisualName1": "Month Selector",
      "VisualType1": "Future Date"
    },
    {
      "PrcsParmtrName": "Section",
      "PrcsParmtrValueOne": "Calendar",
      "PrcsParmtrX": "",
      "Date": "06/02/2022",
      "Month": "Jun",
      "Year": 2022,
      "Day": 2,
      "DayofWeek": "THU",
      "VisualName1": "Month Selector",
      "VisualType1": "Future Date"
    },
    {
      "PrcsParmtrName": "Section",
      "PrcsParmtrValueOne": "Calendar",
      "PrcsParmtrX": "",
      "Date": "06/03/2022",
      "Month": "Jun",
      "Year": 2022,
      "Day": 3,
      "DayofWeek": "FRI",
      "VisualName1": "Month Selector",
      "VisualType1": "Future Date"
    },
    {
      "PrcsParmtrName": "Section",
      "PrcsParmtrValueOne": "Calendar",
      "PrcsParmtrX": "",
      "Date": "06/04/2022",
      "Month": "Jun",
      "Year": 2022,
      "Day": 4,
      "DayofWeek": "SAT",
      "VisualName1": "Month Selector",
      "VisualType1": "Future Date"
    }
  ]