[
  {
    "PrcsParmtrName": "",
    "PrcsParmtrValueOne": "",
    "PrcsParmtrX": "",
    "Date": "05/08/2022",
    "Day": "8",
    "Month": "May",
    "DayofWeek": "SUN",
    "VisualName1": "Week Selector",
    "VisualType1": "Past"
  },
  {
    "PrcsParmtrName": "",
    "PrcsParmtrValueOne": "",
    "PrcsParmtrX": "",
    "Date": "05/09/2022",
    "Day": "9",
    "Month": "May",
    "DayofWeek": "MON",
    "VisualName1": "Week Selector",
    "VisualType1": "Past"
  },
  {
    "PrcsParmtrName": "",
    "PrcsParmtrValueOne": "",
    "PrcsParmtrX": "",
    "Date": "05/10/2022",
    "Day": "10",
    "Month": "May",
    "DayofWeek": "TUE",
    "VisualName1": "Week Selector",
    "VisualType1": "Past"
  },
  {
    "PrcsParmtrName": "",
    "PrcsParmtrValueOne": "",
    "PrcsParmtrX": "",
    "Date": "05/11/2022",
    "Day": "11",
    "Month": "May",
    "DayofWeek": "WED",
    "VisualName1": "Week Selector",
    "VisualType1": "Past"
  },
  {
    "PrcsParmtrName": "",
    "PrcsParmtrValueOne": "",
    "PrcsParmtrX": "",
    "Date": "05/12/2022",
    "Day": "12",
    "Month": "May",
    "DayofWeek": "THU",
    "VisualName1": "Week Selector",
    "VisualType1": "Past"
  },
  {
    "PrcsParmtrName": "",
    "PrcsParmtrValueOne": "",
    "PrcsParmtrX": "",
    "Date": "05/13/2022",
    "Day": "13",
    "Month": "May",
    "DayofWeek": "FRI",
    "VisualName1": "Week Selector",
    "VisualType1": "Past"
  },
  {
    "PrcsParmtrName": "",
    "PrcsParmtrValueOne": "",
    "PrcsParmtrX": "",
    "Date": "05/14/2022",
    "Day": "14",
    "Month": "May",
    "DayofWeek": "SAT",
    "VisualName1": "Week Selector",
    "VisualType1": "Past"
  }
]