[
  {
    "PrcsParmtrName": "",
    "PrcsParmtrValueOne": "",
    "PrcsParmtrX": "",
    "Date": "05/22/2022",
    "Day": "22",
    "Month": "May",
    "DayofWeek": "SUN",
    "VisualName1": "Week Selector",
    "VisualType1": "Future"
  },
  {
    "PrcsParmtrName": "",
    "PrcsParmtrValueOne": "",
    "PrcsParmtrX": "",
    "Date": "05/23/2022",
    "Day": "23",
    "Month": "May",
    "DayofWeek": "MON",
    "VisualName1": "Week Selector",
    "VisualType1": "Future"
  },
  {
    "PrcsParmtrName": "",
    "PrcsParmtrValueOne": "",
    "PrcsParmtrX": "",
    "Date": "05/24/2022",
    "Day": "24",
    "Month": "May",
    "DayofWeek": "TUE",
    "VisualName1": "Week Selector",
    "VisualType1": "Future"
  },
  {
    "PrcsParmtrName": "",
    "PrcsParmtrValueOne": "",
    "PrcsParmtrX": "",
    "Date": "05/25/2022",
    "Day": "25",
    "Month": "May",
    "DayofWeek": "WED",
    "VisualName1": "Week Selector",
    "VisualType1": "Future"
  },
  {
    "PrcsParmtrName": "",
    "PrcsParmtrValueOne": "",
    "PrcsParmtrX": "",
    "Date": "05/26/2022",
    "Day": "26",
    "Month": "May",
    "DayofWeek": "THU",
    "VisualName1": "Week Selector",
    "VisualType1": "Future"
  },
  {
    "PrcsParmtrName": "",
    "PrcsParmtrValueOne": "",
    "PrcsParmtrX": "",
    "Date": "05/27/2022",
    "Day": "27",
    "Month": "May",
    "DayofWeek": "FRI",
    "VisualName1": "Week Selector",
    "VisualType1": "Future"
  },
  {
    "PrcsParmtrName": "",
    "PrcsParmtrValueOne": "",
    "PrcsParmtrX": "",
    "Date": "05/28/2022",
    "Day": "28",
    "Month": "May",
    "DayofWeek": "SAT",
    "VisualName1": "Week Selector",
    "VisualType1": "Future"
  }
]