[
    {
        "PrcsParmtrName":"Error",
        "PrcsParmtrValueOne":"Maintenance",
        "PrcsParmtrX":"",
        "Date":"",
        "RingPctCmpltn":"",
        "VisualName1":"",
        "VisualType1":"",
        "MeasureCtgyName":"",
        "MeasureCtgySortOrdr":"",
        "VisualName2":"",
        "VisualType2":"",
        "VisualFnctn2":"",
        "MeasureName":"",
        "MeasureSortOrdr":"",
        "VisualName3":"",
        "VisualType3":"",
        "VisualFnctn3":"",
        "ReportURL":"",
        "LowRcmndtnQty":"",
        "HighRcmndtnQty":"",
        "LowActualQty":"",
        "HighActualQty":"",
        "UnitAbrvName":"",
        "StartProgressBarPctCmpltn":"",
        "EndProgressBarPctCmpltn":"",
        "VisualName4":"",
        "VisualType4":"",
        "ClinicianId":"",
        "Clinician":"",
        "VisualName5":"",
        "VisualType5":"",
        "VisualFnctn5":"",
        "RcmndtnAsgnmtDate":"",
        "VisualName6":"",
        "VisualType6":""
    }
]