[
  {
    "PrcsParmtrName": "Section",
    "PrcsParmtrValueOne": "Header & Ring",
    "PrcsParmtrX": "",
    "Date": "05/11/2022",
    "RingPctCmpltn": "100",
    "VisualName1": "Progress Ring",
    "VisualType1": "Activity",
    "MeasureCtgyName": "Activity",
    "MeasureCtgySortOrdr": "1",
    "VisualName2": "Heading 4",
    "VisualType2": "Middle Navy",
    "VisualFnctn2": "Clickable",
    "MeasureName": "",
    "MeasureSortOrdr": "",
    "VisualName3": "",
    "VisualType3": "",
    "VisualFnctn3": "",
    "ReportURL": "",
    "LowRcmndtnQty": "",
    "HighRcmndtnQty": "",
    "LowActualQty": "",
    "HighActualQty": "",
    "UnitAbrvName": "",
    "StartProgressBarPctCmpltn": "",
    "EndProgressBarPctCmpltn": "",
    "VisualName4": "",
    "VisualType4": "",
    "ClinicianId": "",
    "Clinician": "",
    "VisualName5": "",
    "VisualType5": "",
    "VisualFnctn5": "",
    "RcmndtnAsgnmtDate": "",
    "VisualName6": "",
    "VisualType6": ""
  },
  {
    "PrcsParmtrName": "Section",
    "PrcsParmtrValueOne": "Header & Ring",
    "PrcsParmtrX": "",
    "Date": "05/11/2022",
    "RingPctCmpltn": "40",
    "VisualName1": "Progress Ring",
    "VisualType1": "Nutrition",
    "MeasureCtgyName": "Nutrition",
    "MeasureCtgySortOrdr": "2",
    "VisualName2": "Heading 4",
    "VisualType2": "Middle Navy",
    "VisualFnctn2": "Clickable",
    "MeasureName": "",
    "MeasureSortOrdr": "",
    "VisualName3": "",
    "VisualType3": "",
    "VisualFnctn3": "",
    "ReportURL": "",
    "LowRcmndtnQty": "",
    "HighRcmndtnQty": "",
    "LowActualQty": "",
    "HighActualQty": "",
    "UnitAbrvName": "",
    "StartProgressBarPctCmpltn": "",
    "EndProgressBarPctCmpltn": "",
    "VisualName4": "",
    "VisualType4": "",
    "ClinicianId": "",
    "Clinician": "",
    "VisualName5": "",
    "VisualType5": "",
    "VisualFnctn5": "",
    "RcmndtnAsgnmtDate": "",
    "VisualName6": "",
    "VisualType6": ""
  },
  {
    "PrcsParmtrName": "Section",
    "PrcsParmtrValueOne": "Header & Ring",
    "PrcsParmtrX": "",
    "Date": "05/11/2022",
    "RingPctCmpltn": "0",
    "VisualName1": "Progress Ring",
    "VisualType1": "Sleep",
    "MeasureCtgyName": "Sleep",
    "MeasureCtgySortOrdr": "3",
    "VisualName2": "Heading 4",
    "VisualType2": "Middle Navy",
    "VisualFnctn2": "Clickable",
    "MeasureName": "",
    "MeasureSortOrdr": "",
    "VisualName3": "",
    "VisualType3": "",
    "VisualFnctn3": "",
    "ReportURL": "",
    "LowRcmndtnQty": "",
    "HighRcmndtnQty": "",
    "LowActualQty": "",
    "HighActualQty": "",
    "UnitAbrvName": "",
    "StartProgressBarPctCmpltn": "",
    "EndProgressBarPctCmpltn": "",
    "VisualName4": "",
    "VisualType4": "",
    "ClinicianId": "",
    "Clinician": "",
    "VisualName5": "",
    "VisualType5": "",
    "VisualFnctn5": "",
    "RcmndtnAsgnmtDate": "",
    "VisualName6": "",
    "VisualType6": ""
  },
  {
    "PrcsParmtrName": "Section",
    "PrcsParmtrValueOne": "Header & Ring",
    "PrcsParmtrX": "",
    "Date": "05/11/2022",
    "RingPctCmpltn": "100",
    "VisualName1": "Progress Ring",
    "VisualType1": "Physiologic",
    "MeasureCtgyName": "Physiologic",
    "MeasureCtgySortOrdr": "4",
    "VisualName2": "Heading 4",
    "VisualType2": "Middle Navy",
    "VisualFnctn2": "Clickable",
    "MeasureName": "",
    "MeasureSortOrdr": "",
    "VisualName3": "",
    "VisualType3": "",
    "VisualFnctn3": "",
    "ReportURL": "",
    "LowRcmndtnQty": "",
    "HighRcmndtnQty": "",
    "LowActualQty": "",
    "HighActualQty": "",
    "UnitAbrvName": "",
    "StartProgressBarPctCmpltn": "",
    "EndProgressBarPctCmpltn": "",
    "VisualName4": "",
    "VisualType4": "",
    "ClinicianId": "",
    "Clinician": "",
    "VisualName5": "",
    "VisualType5": "",
    "VisualFnctn5": "",
    "RcmndtnAsgnmtDate": "",
    "VisualName6": "",
    "VisualType6": ""
  },
  {
    "PrcsParmtrName": "Section",
    "PrcsParmtrValueOne": "Measure",
    "PrcsParmtrX": "",
    "Date": "05/11/2022",
    "RingPctCmpltn": "",
    "VisualName1": "",
    "VisualType1": "",
    "MeasureCtgyName": "",
    "MeasureCtgySortOrdr": "",
    "VisualName2": "",
    "VisualType2": "",
    "VisualFnctn2": "",
    "MeasureName": "Steps",
    "MeasureSortOrdr": "1",
    "VisualName3": "Heading 1",
    "VisualType3": "Middle Navy",
    "VisualFnctn3": "Clickable",
    "ReportURL": "https://app.powerbi.com/groups/8745df83-ab37-408d-8aac-9f4cf4c0265b/reports/b3da293e-505b-43b2-ab41-55618cc67aca/ReportSection?filter=Calories%2FClientID%20eq%20%27058EE4BF-1DF4-4720-9308-120EE467901A%27",
    "LowRcmndtnQty": "0",
    "HighRcmndtnQty": "7500",
    "LowActualQty": "0",
    "HighActualQty": "8500",
    "UnitAbrvName": "steps",
    "StartProgressBarPctCmpltn": "0",
    "EndProgressBarPctCmpltn": "100",
    "VisualName4": "Progressive Bar",
    "VisualType4": "Activity",
    "ClinicianId": "1",
    "Clinician": "Dr. Kayla Hennessy",
    "VisualName5": "Caption 2",
    "VisualType5": "Middle Navy",
    "VisualFnctn5": "Clickable",
    "RcmndtnAsgnmtDate": "5/7/2021",
    "VisualName6": "Up Arrow Indicator",
    "VisualType6": "Activity"
  },
  {
    "PrcsParmtrName": "Section",
    "PrcsParmtrValueOne": "Measure",
    "PrcsParmtrX": "",
    "Date": "05/11/2022",
    "RingPctCmpltn": "",
    "VisualName1": "",
    "VisualType1": "",
    "MeasureCtgyName": "",
    "MeasureCtgySortOrdr": "",
    "VisualName2": "",
    "VisualType2": "",
    "VisualFnctn2": "",
    "MeasureName": "Flights Climbed",
    "MeasureSortOrdr": "2",
    "VisualName3": "Heading 1",
    "VisualType3": "Middle Navy",
    "VisualFnctn3": "Clickable",
    "ReportURL": "https://app.powerbi.com/groups/8745df83-ab37-408d-8aac-9f4cf4c0265b/reports/b3da293e-505b-43b2-ab41-55618cc67aca/ReportSection?filter=Calories%2FClientID%20eq%20%27058EE4BF-1DF4-4720-9308-120EE467901A%27",
    "LowRcmndtnQty": "0",
    "HighRcmndtnQty": "10",
    "LowActualQty": "0",
    "HighActualQty": "10",
    "UnitAbrvName": "flights",
    "StartProgressBarPctCmpltn": "0",
    "EndProgressBarPctCmpltn": "100",
    "VisualName4": "Progressive Bar",
    "VisualType4": "Activity",
    "ClinicianId": "1",
    "Clinician": "Dr. Bobby Brown",
    "VisualName5": "Caption 2",
    "VisualType5": "Middle Navy",
    "VisualFnctn5": "Clickable",
    "RcmndtnAsgnmtDate": "5/7/2021",
    "VisualName6": "",
    "VisualType6": ""
  },
  {
    "PrcsParmtrName": "Section",
    "PrcsParmtrValueOne": "Measure",
    "PrcsParmtrX": "",
    "Date": "05/11/2022",
    "RingPctCmpltn": "",
    "VisualName1": "",
    "VisualType1": "",
    "MeasureCtgyName": "",
    "MeasureCtgySortOrdr": "",
    "VisualName2": "",
    "VisualType2": "",
    "VisualFnctn2": "",
    "MeasureName": "Calories",
    "MeasureSortOrdr": "1",
    "VisualName3": "Heading 1",
    "VisualType3": "Middle Navy",
    "VisualFnctn3": "Clickable",
    "ReportURL": "https://app.powerbi.com/groups/8745df83-ab37-408d-8aac-9f4cf4c0265b/reports/b3da293e-505b-43b2-ab41-55618cc67aca/ReportSection?filter=Calories%2FClientID%20eq%20%27058EE4BF-1DF4-4720-9308-120EE467901A%27",
    "LowRcmndtnQty": "0",
    "HighRcmndtnQty": "2000",
    "LowActualQty": "0",
    "HighActualQty": "1200",
    "UnitAbrvName": "kcal",
    "StartProgressBarPctCmpltn": "0",
    "EndProgressBarPctCmpltn": "60",
    "VisualName4": "Progressive Bar",
    "VisualType4": "Nutrition",
    "ClinicianId": 1,
    "Clinician": "Dr. Kayla Hennessy",
    "VisualName5": "Caption 2",
    "VisualType5": "Middle Navy",
    "VisualFnctn5": "Clickable",
    "RcmndtnAsgnmtDate": "5/7/2021",
    "VisualName6": "",
    "VisualType6": ""
  },
  {
    "PrcsParmtrName": "Section",
    "PrcsParmtrValueOne": "Measure",
    "PrcsParmtrX": "",
    "Date": "05/11/2022",
    "RingPctCmpltn": "",
    "VisualName1": "",
    "VisualType1": "",
    "MeasureCtgyName": "",
    "MeasureCtgySortOrdr": "",
    "VisualName2": "",
    "VisualType2": "",
    "VisualFnctn2": "",
    "MeasureName": "Fats",
    "MeasureSortOrdr": "2",
    "VisualName3": "Heading 1",
    "VisualType3": "Middle Navy",
    "VisualFnctn3": "Clickable",
    "ReportURL": "https://app.powerbi.com/groups/8745df83-ab37-408d-8aac-9f4cf4c0265b/reports/b3da293e-505b-43b2-ab41-55618cc67aca/ReportSection?filter=Calories%2FClientID%20eq%20%27058EE4BF-1DF4-4720-9308-120EE467901A%27",
    "LowRcmndtnQty": "0",
    "HighRcmndtnQty": "50",
    "LowActualQty": "0",
    "HighActualQty": "10",
    "UnitAbrvName": "g",
    "StartProgressBarPctCmpltn": "0",
    "EndProgressBarPctCmpltn": "20",
    "VisualName4": "Progressive Bar",
    "VisualType4": "Nutrition",
    "ClinicianId": "1",
    "Clinician": "Dr. Bobby Brown",
    "VisualName5": "Caption 2",
    "VisualType5": "Middle Navy",
    "VisualFnctn5": "Clickable",
    "RcmndtnAsgnmtDate": "5/7/2021",
    "VisualName6": "",
    "VisualType6": ""
  },
  {
    "PrcsParmtrName": "Section",
    "PrcsParmtrValueOne": "Measure",
    "PrcsParmtrX": "",
    "Date": "05/11/2022",
    "RingPctCmpltn": "",
    "VisualName1": "",
    "VisualType1": "",
    "MeasureCtgyName": "",
    "MeasureCtgySortOrdr": "",
    "VisualName2": "",
    "VisualType2": "",
    "VisualFnctn2": "",
    "MeasureName": "Heart Rate",
    "MeasureSortOrdr": "1",
    "VisualName3": "Heading 1",
    "VisualType3": "Middle Navy",
    "VisualFnctn3": "Clickable",
    "ReportURL": "https://app.powerbi.com/groups/8745df83-ab37-408d-8aac-9f4cf4c0265b/reports/b3da293e-505b-43b2-ab41-55618cc67aca/ReportSection?filter=Calories%2FClientID%20eq%20%27058EE4BF-1DF4-4720-9308-120EE467901A%27",
    "LowRcmndtnQty": "60",
    "HighRcmndtnQty": "200",
    "LowActualQty": "60",
    "HighActualQty": "120",
    "UnitAbrvName": "bpm",
    "StartProgressBarPctCmpltn": "0",
    "EndProgressBarPctCmpltn": "43",
    "VisualName4": "Span Bar",
    "VisualType4": "Physiologic",
    "ClinicianId": "1",
    "Clinician": "Dr. Kayla Hennessy",
    "VisualName5": "Caption 2",
    "VisualType5": "Middle Navy",
    "VisualFnctn5": "Clickable",
    "RcmndtnAsgnmtDate": "5/7/2021",
    "VisualName6": "",
    "VisualType6": ""
  },
  {
    "PrcsParmtrName": "Section",
    "PrcsParmtrValueOne": "Measure",
    "PrcsParmtrX": "",
    "Date": "05/11/2022",
    "RingPctCmpltn": "",
    "VisualName1": "",
    "VisualType1": "",
    "MeasureCtgyName": "",
    "MeasureCtgySortOrdr": "",
    "VisualName2": "",
    "VisualType2": "",
    "VisualFnctn2": "",
    "MeasureName": "Heart Rate Variability",
    "MeasureSortOrdr": "2",
    "VisualName3": "Heading 1",
    "VisualType3": "Middle Navy",
    "VisualFnctn3": "Clickable",
    "ReportURL": "https://app.powerbi.com/groups/8745df83-ab37-408d-8aac-9f4cf4c0265b/reports/b3da293e-505b-43b2-ab41-55618cc67aca/ReportSection?filter=Calories%2FClientID%20eq%20%27058EE4BF-1DF4-4720-9308-120EE467901A%27",
    "LowRcmndtnQty":"15",
    "HighRcmndtnQty":"30",
    "LowActualQty": "15",
    "HighActualQty": "50",
    "UnitAbrvName": "ms",
    "StartProgressBarPctCmpltn": "0",
    "EndProgressBarPctCmpltn": "100",
    "VisualName4": "Span Bar",
    "VisualType4": "Physiologic",
    "ClinicianId": "1",
    "Clinician": "Dr. Bobby Brown",
    "VisualName5": "Caption 2",
    "VisualType5": "Middle Navy",
    "VisualFnctn5": "Clickable",
    "RcmndtnAsgnmtDate": "5/7/2021",
    "VisualName6": "Up Arrow Indicator",
    "VisualType6": "Physiologic"
  }
]