[
    {
      "PrcsParmtrName": "Section",
      "PrcsParmtrValueOne": "Header",
      "PrcsParmtrX": "",
      "Date": "05/15/2022",
      "DayofWeek": "SUN",
      "VisualName1": "Day of Week Header",
      "VisualType1": "Past",
      "MeasureName": "",
      "MeasureSortOrdr": "",
      "VisualName2": "",
      "VisualType2": ""
    },
    {
      "PrcsParmtrName": "Section",
      "PrcsParmtrValueOne": "Header",
      "PrcsParmtrX": "",
      "Date": "05/16/2022",
      "DayofWeek": "MON",
      "VisualName1": "Day of Week Header",
      "VisualType1": "Past",
      "MeasureName": "",
      "MeasureSortOrdr": "",
      "VisualName2": "",
      "VisualType2": ""
    },
    {
      "PrcsParmtrName": "Section",
      "PrcsParmtrValueOne": "Header",
      "PrcsParmtrX": "",
      "Date": "05/17/2022",
      "DayofWeek": "TUE",
      "VisualName1": "Day of Week Header",
      "VisualType1": "Past",
      "MeasureName": "",
      "MeasureSortOrdr": "",
      "VisualName2": "",
      "VisualType2": ""
    },
    {
      "PrcsParmtrName": "Section",
      "PrcsParmtrValueOne": "Header",
      "PrcsParmtrX": "",
      "Date": "05/18/2022",
      "DayofWeek": "WED",
      "VisualName1": "Day of Week Header",
      "VisualType1": "Today",
      "MeasureName": "",
      "MeasureSortOrdr": "",
      "VisualName2": "",
      "VisualType2": ""
    },
    {
      "PrcsParmtrName": "Section",
      "PrcsParmtrValueOne": "Header",
      "PrcsParmtrX": "",
      "Date": "05/19/2022",
      "DayofWeek": "THU",
      "VisualName1": "Day of Week Header",
      "VisualType1": "Future",
      "MeasureName": "",
      "MeasureSortOrdr": "",
      "VisualName2": "",
      "VisualType2": ""
    },
    {
      "PrcsParmtrName": "Section",
      "PrcsParmtrValueOne": "Header",
      "PrcsParmtrX": "",
      "Date": "05/20/2022",
      "DayofWeek": "FRI",
      "VisualName1": "Day of Week Header",
      "VisualType1": "Future",
      "MeasureName": "",
      "MeasureSortOrdr": "",
      "VisualName2": "",
      "VisualType2": ""
    },
    {
      "PrcsParmtrName": "Section",
      "PrcsParmtrValueOne": "Header",
      "PrcsParmtrX": "",
      "Date": "05/21/2022",
      "DayofWeek": "SAT",
      "VisualName1": "Day of Week Header",
      "VisualType1": "Future",
      "MeasureName": "",
      "MeasureSortOrdr": "",
      "VisualName2": "",
      "VisualType2": ""
    },
    {
      "PrcsParmtrName": "Section",
      "PrcsParmtrValueOne": "Measure",
      "PrcsParmtrX": "",
      "Date": "05/15/2022",
      "DayofWeek": "SUN",
      "VisualName1": "Day of Week Header",
      "VisualType1": "Past",
      "MeasureName": "Steps",
      "MeasureSortOrdr": 1,
      "VisualName2": "Checkmark Indicator",
      "VisualType2": "Activity"
    },
    {
      "PrcsParmtrName": "Section",
      "PrcsParmtrValueOne": "Measure",
      "PrcsParmtrX": "",
      "Date": "05/15/2022",
      "DayofWeek": "SUN",
      "VisualName1": "Day of Week Header",
      "VisualType1": "Past",
      "MeasureName": "Flights Climbed",
      "MeasureSortOrdr": 2,
      "VisualName2": "Up Arrow Indicator",
      "VisualType2": "Activity"
    },
    {
      "PrcsParmtrName": "Section",
      "PrcsParmtrValueOne": "Measure",
      "PrcsParmtrX": "",
      "Date": "05/15/2022",
      "DayofWeek": "SUN",
      "VisualName1": "Day of Week Header",
      "VisualType1": "Past",
      "MeasureName": "Calories",
      "MeasureSortOrdr": 3,
      "VisualName2": "Down Arrow Indicator",
      "VisualType2": "Nutrition"
    },
    {
      "PrcsParmtrName": "Section",
      "PrcsParmtrValueOne": "Measure",
      "PrcsParmtrX": "",
      "Date": "05/15/2022",
      "DayofWeek": "SUN",
      "VisualName1": "Day of Week Header",
      "VisualType1": "Past",
      "MeasureName": "Fats",
      "MeasureSortOrdr": 4,
      "VisualName2": "Down Arrow Indicator",
      "VisualType2": "Nutrition"
    },
    {
      "PrcsParmtrName": "Section",
      "PrcsParmtrValueOne": "Measure",
      "PrcsParmtrX": "",
      "Date": "05/15/2022",
      "DayofWeek": "SUN",
      "VisualName1": "Day of Week Header",
      "VisualType1": "Past",
      "MeasureName": "Time in Bed",
      "MeasureSortOrdr": 5,
      "VisualName2": "Checkmark Indicator",
      "VisualType2": "Sleep"
    },
    {
      "PrcsParmtrName": "Section",
      "PrcsParmtrValueOne": "Measure",
      "PrcsParmtrX": "",
      "Date": "05/15/2022",
      "DayofWeek": "SUN",
      "VisualName1": "Day of Week Header",
      "VisualType1": "Past",
      "MeasureName": "Sleep Time",
      "MeasureSortOrdr": 6,
      "VisualName2": "Checkmark Indicator",
      "VisualType2": "Sleep"
    },
    {
      "PrcsParmtrName": "Section",
      "PrcsParmtrValueOne": "Measure",
      "PrcsParmtrX": "",
      "Date": "05/15/2022",
      "DayofWeek": "SUN",
      "VisualName1": "Day of Week Header",
      "VisualType1": "Past",
      "MeasureName": "Heart Rate",
      "MeasureSortOrdr": 7,
      "VisualName2": "Checkmark Indicator",
      "VisualType2": "Physiologic"
    },
    {
      "PrcsParmtrName": "Section",
      "PrcsParmtrValueOne": "Measure",
      "PrcsParmtrX": "",
      "Date": "05/15/2022",
      "DayofWeek": "SUN",
      "VisualName1": "Day of Week Header",
      "VisualType1": "Past",
      "MeasureName": "Heart Rate Variability",
      "MeasureSortOrdr": 8,
      "VisualName2": "Up-Down Arrow Indicator",
      "VisualType2": "Physiologic"
    },
    {
      "PrcsParmtrName": "Section",
      "PrcsParmtrValueOne": "Measure",
      "PrcsParmtrX": "",
      "Date": "05/16/2022",
      "DayofWeek": "MON",
      "VisualName1": "Day of Week Header",
      "VisualType1": "Past",
      "MeasureName": "Steps",
      "MeasureSortOrdr": 1,
      "VisualName2": "Checkmark Indicator",
      "VisualType2": "Activity"
    },
    {
      "PrcsParmtrName": "Section",
      "PrcsParmtrValueOne": "Measure",
      "PrcsParmtrX": "",
      "Date": "05/16/2022",
      "DayofWeek": "MON",
      "VisualName1": "Day of Week Header",
      "VisualType1": "Past",
      "MeasureName": "Flights Climbed",
      "MeasureSortOrdr": 2,
      "VisualName2": "Down Arrow Indicator",
      "VisualType2": "Activity"
    },
    {
      "PrcsParmtrName": "Section",
      "PrcsParmtrValueOne": "Measure",
      "PrcsParmtrX": "",
      "Date": "05/16/2022",
      "DayofWeek": "MON",
      "VisualName1": "Day of Week Header",
      "VisualType1": "Past",
      "MeasureName": "Calories",
      "MeasureSortOrdr": 3,
      "VisualName2": "Down Arrow Indicator",
      "VisualType2": "Nutrition"
    },
    {
      "PrcsParmtrName": "Section",
      "PrcsParmtrValueOne": "Measure",
      "PrcsParmtrX": "",
      "Date": "05/16/2022",
      "DayofWeek": "MON",
      "VisualName1": "Day of Week Header",
      "VisualType1": "Past",
      "MeasureName": "Fats",
      "MeasureSortOrdr": 4,
      "VisualName2": "Down Arrow Indicator",
      "VisualType2": "Nutrition"
    },
    {
      "PrcsParmtrName": "Section",
      "PrcsParmtrValueOne": "Measure",
      "PrcsParmtrX": "",
      "Date": "05/16/2022",
      "DayofWeek": "MON",
      "VisualName1": "Day of Week Header",
      "VisualType1": "Past",
      "MeasureName": "Time in Bed",
      "MeasureSortOrdr": 5,
      "VisualName2": "Checkmark Indicator",
      "VisualType2": "Sleep"
    },
    {
      "PrcsParmtrName": "Section",
      "PrcsParmtrValueOne": "Measure",
      "PrcsParmtrX": "",
      "Date": "05/16/2022",
      "DayofWeek": "MON",
      "VisualName1": "Day of Week Header",
      "VisualType1": "Past",
      "MeasureName": "Sleep Time",
      "MeasureSortOrdr": 6,
      "VisualName2": "Checkmark Indicator",
      "VisualType2": "Sleep"
    },
    {
      "PrcsParmtrName": "Section",
      "PrcsParmtrValueOne": "Measure",
      "PrcsParmtrX": "",
      "Date": "05/16/2022",
      "DayofWeek": "MON",
      "VisualName1": "Day of Week Header",
      "VisualType1": "Past",
      "MeasureName": "Heart Rate",
      "MeasureSortOrdr": 7,
      "VisualName2": "Checkmark Indicator",
      "VisualType2": "Physiologic"
    },
    {
      "PrcsParmtrName": "Section",
      "PrcsParmtrValueOne": "Measure",
      "PrcsParmtrX": "",
      "Date": "05/16/2022",
      "DayofWeek": "MON",
      "VisualName1": "Day of Week Header",
      "VisualType1": "Past",
      "MeasureName": "Heart Rate Variability",
      "MeasureSortOrdr": 8,
      "VisualName2": "Up-Down Arrow Indicator",
      "VisualType2": "Physiologic"
    },
    {
      "PrcsParmtrName": "Section",
      "PrcsParmtrValueOne": "Measure",
      "PrcsParmtrX": "",
      "Date": "05/17/2022",
      "DayofWeek": "TUE",
      "VisualName1": "Day of Week Header",
      "VisualType1": "Past",
      "MeasureName": "Steps",
      "MeasureSortOrdr": 1,
      "VisualName2": "No Data Indicator",
      "VisualType2": "Dark Gray"
    },
    {
      "PrcsParmtrName": "Section",
      "PrcsParmtrValueOne": "Measure",
      "PrcsParmtrX": "",
      "Date": "05/17/2022",
      "DayofWeek": "TUE",
      "VisualName1": "Day of Week Header",
      "VisualType1": "Past",
      "MeasureName": "Flights Climbed",
      "MeasureSortOrdr": 2,
      "VisualName2": "Up Arrow Indicator",
      "VisualType2": "Activity"
    },
    {
      "PrcsParmtrName": "Section",
      "PrcsParmtrValueOne": "Measure",
      "PrcsParmtrX": "",
      "Date": "05/17/2022",
      "DayofWeek": "TUE",
      "VisualName1": "Day of Week Header",
      "VisualType1": "Past",
      "MeasureName": "Calories",
      "MeasureSortOrdr": 3,
      "VisualName2": "Down Arrow Indicator",
      "VisualType2": "Nutrition"
    },
    {
      "PrcsParmtrName": "Section",
      "PrcsParmtrValueOne": "Measure",
      "PrcsParmtrX": "",
      "Date": "05/17/2022",
      "DayofWeek": "TUE",
      "VisualName1": "Day of Week Header",
      "VisualType1": "Past",
      "MeasureName": "Fats",
      "MeasureSortOrdr": 4,
      "VisualName2": "Checkmark Indicator",
      "VisualType2": "Nutrition"
    },
    {
      "PrcsParmtrName": "Section",
      "PrcsParmtrValueOne": "Measure",
      "PrcsParmtrX": "",
      "Date": "05/17/2022",
      "DayofWeek": "TUE",
      "VisualName1": "Day of Week Header",
      "VisualType1": "Past",
      "MeasureName": "Time in Bed",
      "MeasureSortOrdr": 5,
      "VisualName2": "Down Arrow Indicator",
      "VisualType2": "Sleep"
    },
    {
      "PrcsParmtrName": "Section",
      "PrcsParmtrValueOne": "Measure",
      "PrcsParmtrX": "",
      "Date": "05/17/2022",
      "DayofWeek": "TUE",
      "VisualName1": "Day of Week Header",
      "VisualType1": "Past",
      "MeasureName": "Sleep Time",
      "MeasureSortOrdr": 6,
      "VisualName2": "Checkmark Indicator",
      "VisualType2": "Sleep"
    },
    {
      "PrcsParmtrName": "Section",
      "PrcsParmtrValueOne": "Measure",
      "PrcsParmtrX": "",
      "Date": "05/17/2022",
      "DayofWeek": "TUE",
      "VisualName1": "Day of Week Header",
      "VisualType1": "Past",
      "MeasureName": "Heart Rate",
      "MeasureSortOrdr": 7,
      "VisualName2": "Up-Down Arrow Indicator",
      "VisualType2": "Physiologic"
    },
    {
      "PrcsParmtrName": "Section",
      "PrcsParmtrValueOne": "Measure",
      "PrcsParmtrX": "",
      "Date": "05/17/2022",
      "DayofWeek": "TUE",
      "VisualName1": "Day of Week Header",
      "VisualType1": "Past",
      "MeasureName": "Heart Rate Variability",
      "MeasureSortOrdr": 8,
      "VisualName2": "Checkmark Indicator",
      "VisualType2": "Physiologic"
    },
    {
      "PrcsParmtrName": "Section",
      "PrcsParmtrValueOne": "Measure",
      "PrcsParmtrX": "",
      "Date": "05/18/2022",
      "DayofWeek": "WED",
      "VisualName1": "Day of Week Header",
      "VisualType1": "Today",
      "MeasureName": "Steps",
      "MeasureSortOrdr": 1,
      "VisualName2": "Checkmark Indicator",
      "VisualType2": "Activity"
    },
    {
      "PrcsParmtrName": "Section",
      "PrcsParmtrValueOne": "Measure",
      "PrcsParmtrX": "",
      "Date": "05/18/2022",
      "DayofWeek": "WED",
      "VisualName1": "Day of Week Header",
      "VisualType1": "Today",
      "MeasureName": "Flights Climbed",
      "MeasureSortOrdr": 2,
      "VisualName2": "Down Arrow Indicator",
      "VisualType2": "Activity"
    },
    {
      "PrcsParmtrName": "Section",
      "PrcsParmtrValueOne": "Measure",
      "PrcsParmtrX": "",
      "Date": "05/18/2022",
      "DayofWeek": "WED",
      "VisualName1": "Day of Week Header",
      "VisualType1": "Today",
      "MeasureName": "Calories",
      "MeasureSortOrdr": 3,
      "VisualName2": "Down Arrow Indicator",
      "VisualType2": "Nutrition"
    },
    {
      "PrcsParmtrName": "Section",
      "PrcsParmtrValueOne": "Measure",
      "PrcsParmtrX": "",
      "Date": "05/18/2022",
      "DayofWeek": "WED",
      "VisualName1": "Day of Week Header",
      "VisualType1": "Today",
      "MeasureName": "Fats",
      "MeasureSortOrdr": 4,
      "VisualName2": "Down Arrow Indicator",
      "VisualType2": "Nutrition"
    },
    {
      "PrcsParmtrName": "Section",
      "PrcsParmtrValueOne": "Measure",
      "PrcsParmtrX": "",
      "Date": "05/18/2022",
      "DayofWeek": "WED",
      "VisualName1": "Day of Week Header",
      "VisualType1": "Today",
      "MeasureName": "Time in Bed",
      "MeasureSortOrdr": 5,
      "VisualName2": "No Data Indicator",
      "VisualType2": "Dark Gray"
    },
    {
      "PrcsParmtrName": "Section",
      "PrcsParmtrValueOne": "Measure",
      "PrcsParmtrX": "",
      "Date": "05/18/2022",
      "DayofWeek": "WED",
      "VisualName1": "Day of Week Header",
      "VisualType1": "Today",
      "MeasureName": "Sleep Time",
      "MeasureSortOrdr": 6,
      "VisualName2": "No Data Indicator",
      "VisualType2": "Dark Gray"
    },
    {
      "PrcsParmtrName": "Section",
      "PrcsParmtrValueOne": "Measure",
      "PrcsParmtrX": "",
      "Date": "05/18/2022",
      "DayofWeek": "WED",
      "VisualName1": "Day of Week Header",
      "VisualType1": "Today",
      "MeasureName": "Heart Rate",
      "MeasureSortOrdr": 7,
      "VisualName2": "Checkmark Indicator",
      "VisualType2": "Physiologic"
    },
    {
      "PrcsParmtrName": "Section",
      "PrcsParmtrValueOne": "Measure",
      "PrcsParmtrX": "",
      "Date": "05/18/2022",
      "DayofWeek": "WED",
      "VisualName1": "Day of Week Header",
      "VisualType1": "Today",
      "MeasureName": "Heart Rate Variability",
      "MeasureSortOrdr": 8,
      "VisualName2": "Checkmark Indicator",
      "VisualType2": "Physiologic"
    }
  ]