[
    {
        "PrcsParmtrName": "Section",
        "PrcsParmtrValueOne": "Header & Ring",
        "PrcsParmtrValueTwo": null,
        "Date": "2022-10-04 00:00:00.000",
        "RingPctCmpltn": "87.5",
        "VisualName1": "Progress Ring",
        "VisualType1": "Activity",
        "MeasureCtgyName": "Activity",
        "MeasureCtgySortOrdr": "1.0",
        "VisualName2": "Heading 4",
        "VisualType2": "Middle Navy",
        "VisualFnctn2": "Clickable",
        "MeasureName": null,
        "MeasureSortOrdr": null,
        "VisualName3": null,
        "VisualType3": null,
        "VisualFnctn3": null,
        "ReportURL": null,
        "LowRcmndtnQty": null,
        "HighRcmndtnQty": null,
        "LowActualQty": null,
        "HighActualQty": null,
        "UnitAbrvName": null,
        "StartProgressBarPctCmpltn": null,
        "EndProgressBarPctCmpltn": null,
        "VisualName4": null,
        "VisualType4": null,
        "ClinicianId": null,
        "ClinicianName": null,
        "VisualName5": null,
        "VisualType5": null,
        "VisualFnctn5": null,
        "RcmndtnAsgnmtDate": null,
        "VisualName6": null,
        "VisualType6": null
    },
    {
        "PrcsParmtrName": "Section",
        "PrcsParmtrValueOne": "Header & Ring",
        "PrcsParmtrValueTwo": null,
        "Date": "2022-10-04 00:00:00.000",
        "RingPctCmpltn": "89.305368373764594",
        "VisualName1": "Progress Ring",
        "VisualType1": "Nutrition",
        "MeasureCtgyName": "Nutrition",
        "MeasureCtgySortOrdr": "2.0",
        "VisualName2": "Heading 4",
        "VisualType2": "Middle Navy",
        "VisualFnctn2": "Clickable",
        "MeasureName": null,
        "MeasureSortOrdr": null,
        "VisualName3": null,
        "VisualType3": null,
        "VisualFnctn3": null,
        "ReportURL": null,
        "LowRcmndtnQty": null,
        "HighRcmndtnQty": null,
        "LowActualQty": null,
        "HighActualQty": null,
        "UnitAbrvName": null,
        "StartProgressBarPctCmpltn": null,
        "EndProgressBarPctCmpltn": null,
        "VisualName4": null,
        "VisualType4": null,
        "ClinicianId": null,
        "ClinicianName": null,
        "VisualName5": null,
        "VisualType5": null,
        "VisualFnctn5": null,
        "RcmndtnAsgnmtDate": null,
        "VisualName6": null,
        "VisualType6": null
    },
    {
        "PrcsParmtrName": "Section",
        "PrcsParmtrValueOne": "Header & Ring",
        "PrcsParmtrValueTwo": null,
        "Date": "2022-10-04 00:00:00.000",
        "RingPctCmpltn": "0.0",
        "VisualName1": "Progress Ring",
        "VisualType1": "Sleep",
        "MeasureCtgyName": "Sleep",
        "MeasureCtgySortOrdr": "3.0",
        "VisualName2": "Heading 4",
        "VisualType2": "Middle Navy",
        "VisualFnctn2": "Clickable",
        "MeasureName": null,
        "MeasureSortOrdr": null,
        "VisualName3": null,
        "VisualType3": null,
        "VisualFnctn3": null,
        "ReportURL": null,
        "LowRcmndtnQty": null,
        "HighRcmndtnQty": null,
        "LowActualQty": null,
        "HighActualQty": null,
        "UnitAbrvName": null,
        "StartProgressBarPctCmpltn": null,
        "EndProgressBarPctCmpltn": null,
        "VisualName4": null,
        "VisualType4": null,
        "ClinicianId": null,
        "ClinicianName": null,
        "VisualName5": null,
        "VisualType5": null,
        "VisualFnctn5": null,
        "RcmndtnAsgnmtDate": null,
        "VisualName6": null,
        "VisualType6": null
    },
    {
        "PrcsParmtrName": "Section",
        "PrcsParmtrValueOne": "Header & Ring",
        "PrcsParmtrValueTwo": null,
        "Date": "2022-10-04 00:00:00.000",
        "RingPctCmpltn": "100.0",
        "VisualName1": "Progress Ring",
        "VisualType1": "Physiologic",
        "MeasureCtgyName": "Physiologic",
        "MeasureCtgySortOrdr": "4.0",
        "VisualName2": "Heading 4",
        "VisualType2": "Middle Navy",
        "VisualFnctn2": "Clickable",
        "MeasureName": null,
        "MeasureSortOrdr": null,
        "VisualName3": null,
        "VisualType3": null,
        "VisualFnctn3": null,
        "ReportURL": null,
        "LowRcmndtnQty": null,
        "HighRcmndtnQty": null,
        "LowActualQty": null,
        "HighActualQty": null,
        "UnitAbrvName": null,
        "StartProgressBarPctCmpltn": null,
        "EndProgressBarPctCmpltn": null,
        "VisualName4": null,
        "VisualType4": null,
        "ClinicianId": null,
        "ClinicianName": null,
        "VisualName5": null,
        "VisualType5": null,
        "VisualFnctn5": null,
        "RcmndtnAsgnmtDate": null,
        "VisualName6": null,
        "VisualType6": null
    },
    {
        "PrcsParmtrName": "Section",
        "PrcsParmtrValueOne": "Measure",
        "PrcsParmtrValueTwo": null,
        "Date": "2022-10-04 00:00:00.000",
        "RingPctCmpltn": null,
        "VisualName1": null,
        "VisualType1": null,
        "MeasureCtgyName": null,
        "MeasureCtgySortOrdr": null,
        "VisualName2": null,
        "VisualType2": null,
        "VisualFnctn2": null,
        "MeasureName": "Steps",
        "MeasureSortOrdr": "1.0",
        "VisualName3": "Heading 1",
        "VisualType3": "Middle Navy",
        "VisualFnctn3": "Clickable",
        "ReportURL": "https://app.powerbi.com/reportEmbed?reportId=688ed60e-173d-417a-a9eb-d236c599d91b&autoAuth=true&ctid=4477f0b7-df69-43a9-8f1a-8f8d846b71f4",
        "LowRcmndtnQty": "0.0",
        "HighRcmndtnQty": "5000.0",
        "LowActualQty": "0.0",
        "HighActualQty": "5138.0",
        "UnitAbrvName": "steps",
        "StartProgressBarPctCmpltn": "0.0",
        "EndProgressBarPctCmpltn": "100.0",
        "VisualName4": "Progressive Bar",
        "VisualType4": "Activity",
        "ClinicianId": "1.0",
        "ClinicianName": "Dr. Kayla Hennessy",
        "VisualName5": "Caption 2",
        "VisualType5": "Middle Navy",
        "VisualFnctn5": "Clickable",
        "RcmndtnAsgnmtDate": "2022-07-01 00:00:00.000",
        "VisualName6": "",
        "VisualType6": null
    },
    {
        "PrcsParmtrName": "Section",
        "PrcsParmtrValueOne": "Measure",
        "PrcsParmtrValueTwo": null,
        "Date": "2022-10-04 00:00:00.000",
        "RingPctCmpltn": null,
        "VisualName1": null,
        "VisualType1": null,
        "MeasureCtgyName": null,
        "MeasureCtgySortOrdr": null,
        "VisualName2": null,
        "VisualType2": null,
        "VisualFnctn2": null,
        "MeasureName": "Running",
        "MeasureSortOrdr": "3.0",
        "VisualName3": "Heading 1",
        "VisualType3": "Middle Navy",
        "VisualFnctn3": "Clickable",
        "ReportURL": "https://app.powerbi.com/reportEmbed?reportId=3fc5b38c-996f-4af0-aae9-82f0978eff40&autoAuth=true&ctid=4477f0b7-df69-43a9-8f1a-8f8d846b71f4",
        "LowRcmndtnQty": "0.0",
        "HighRcmndtnQty": "2.0",
        "LowActualQty": "0.0",
        "HighActualQty": "1.5",
        "UnitAbrvName": "miles",
        "StartProgressBarPctCmpltn": "0.0",
        "EndProgressBarPctCmpltn": "75.0",
        "VisualName4": "Progressive Bar",
        "VisualType4": "Activity",
        "ClinicianId": "1.0",
        "ClinicianName": "Dr. Kayla Hennessy",
        "VisualName5": "Caption 2",
        "VisualType5": "Middle Navy",
        "VisualFnctn5": "Clickable",
        "RcmndtnAsgnmtDate": "2022-10-01 00:00:00.000",
        "VisualName6": "",
        "VisualType6": null
    },
    {
        "PrcsParmtrName": "Section",
        "PrcsParmtrValueOne": "Measure",
        "PrcsParmtrValueTwo": null,
        "Date": "2022-10-04 00:00:00.000",
        "RingPctCmpltn": null,
        "VisualName1": null,
        "VisualType1": null,
        "MeasureCtgyName": null,
        "MeasureCtgySortOrdr": null,
        "VisualName2": null,
        "VisualType2": null,
        "VisualFnctn2": null,
        "MeasureName": "Calories",
        "MeasureSortOrdr": "4.0",
        "VisualName3": "Heading 1",
        "VisualType3": "Middle Navy",
        "VisualFnctn3": "Clickable",
        "ReportURL": "https://app.powerbi.com/reportEmbed?reportId=b3da293e-505b-43b2-ab41-55618cc67aca&autoAuth=true&ctid=4477f0b7-df69-43a9-8f1a-8f8d846b71f4",
        "LowRcmndtnQty": "0.0",
        "HighRcmndtnQty": "1980.0",
        "LowActualQty": "0.0",
        "HighActualQty": "1650.0",
        "UnitAbrvName": "kcal",
        "StartProgressBarPctCmpltn": "0.0",
        "EndProgressBarPctCmpltn": "83.333333333333343",
        "VisualName4": "Progressive Bar",
        "VisualType4": "Nutrition",
        "ClinicianId": "2.0",
        "ClinicianName": "Sarah Brown",
        "VisualName5": "Caption 2",
        "VisualType5": "Middle Navy",
        "VisualFnctn5": "Clickable",
        "RcmndtnAsgnmtDate": "2022-09-04 00:00:00.000",
        "VisualName6": "",
        "VisualType6": null
    },
    {
        "PrcsParmtrName": "Section",
        "PrcsParmtrValueOne": "Measure",
        "PrcsParmtrValueTwo": null,
        "Date": "2022-10-04 00:00:00.000",
        "RingPctCmpltn": null,
        "VisualName1": null,
        "VisualType1": null,
        "MeasureCtgyName": null,
        "MeasureCtgySortOrdr": null,
        "VisualName2": null,
        "VisualType2": null,
        "VisualFnctn2": null,
        "MeasureName": "Proteins",
        "MeasureSortOrdr": "5.0",
        "VisualName3": "Heading 1",
        "VisualType3": "Middle Navy",
        "VisualFnctn3": "Clickable",
        "ReportURL": "https://app.powerbi.com/reportEmbed?reportId=e9dfcffc-b150-4b56-85df-5726f733ab1b&autoAuth=true&ctid=4477f0b7-df69-43a9-8f1a-8f8d846b71f4",
        "LowRcmndtnQty": "0.0",
        "HighRcmndtnQty": "121.0",
        "LowActualQty": "0.0",
        "HighActualQty": "128.0",
        "UnitAbrvName": "g",
        "StartProgressBarPctCmpltn": "0.0",
        "EndProgressBarPctCmpltn": "100.0",
        "VisualName4": "Progressive Bar",
        "VisualType4": "Nutrition",
        "ClinicianId": "2.0",
        "ClinicianName": "Sarah Brown",
        "VisualName5": "Caption 2",
        "VisualType5": "Middle Navy",
        "VisualFnctn5": "Clickable",
        "RcmndtnAsgnmtDate": "2022-09-04 00:00:00.000",
        "VisualName6": "Up Arrow Indicator",
        "VisualType6": null
    },
    {
        "PrcsParmtrName": "Section",
        "PrcsParmtrValueOne": "Measure",
        "PrcsParmtrValueTwo": null,
        "Date": "2022-10-04 00:00:00.000",
        "RingPctCmpltn": null,
        "VisualName1": null,
        "VisualType1": null,
        "MeasureCtgyName": null,
        "MeasureCtgySortOrdr": null,
        "VisualName2": null,
        "VisualType2": null,
        "VisualFnctn2": null,
        "MeasureName": "Carbohydrates",
        "MeasureSortOrdr": "6.0",
        "VisualName3": "Heading 1",
        "VisualType3": "Middle Navy",
        "VisualFnctn3": "Clickable",
        "ReportURL": "https://app.powerbi.com/reportEmbed?reportId=dbc1648f-ea6b-4011-a052-7c7a68c69782&autoAuth=true&ctid=4477f0b7-df69-43a9-8f1a-8f8d846b71f4",
        "LowRcmndtnQty": "0.0",
        "HighRcmndtnQty": "265.0",
        "LowActualQty": "0.0",
        "HighActualQty": "210.0",
        "UnitAbrvName": "g",
        "StartProgressBarPctCmpltn": "0.0",
        "EndProgressBarPctCmpltn": "79.245283018867923",
        "VisualName4": "Progressive Bar",
        "VisualType4": "Nutrition",
        "ClinicianId": "2.0",
        "ClinicianName": "Sarah Brown",
        "VisualName5": "Caption 2",
        "VisualType5": "Middle Navy",
        "VisualFnctn5": "Clickable",
        "RcmndtnAsgnmtDate": "2022-09-04 00:00:00.000",
        "VisualName6": "",
        "VisualType6": null
    },
    {
        "PrcsParmtrName": "Section",
        "PrcsParmtrValueOne": "Measure",
        "PrcsParmtrValueTwo": null,
        "Date": "2022-10-04 00:00:00.000",
        "RingPctCmpltn": null,
        "VisualName1": null,
        "VisualType1": null,
        "MeasureCtgyName": null,
        "MeasureCtgySortOrdr": null,
        "VisualName2": null,
        "VisualType2": null,
        "VisualFnctn2": null,
        "MeasureName": "Fats",
        "MeasureSortOrdr": "7.0",
        "VisualName3": "Heading 1",
        "VisualType3": "Middle Navy",
        "VisualFnctn3": "Clickable",
        "ReportURL": "https://app.powerbi.com/reportEmbed?reportId=d233ee0f-fb68-4096-a0f2-cea0f4f7de96&autoAuth=true&ctid=4477f0b7-df69-43a9-8f1a-8f8d846b71f4",
        "LowRcmndtnQty": "0.0",
        "HighRcmndtnQty": "56.0",
        "LowActualQty": "0.0",
        "HighActualQty": "53.0",
        "UnitAbrvName": "g",
        "StartProgressBarPctCmpltn": "0.0",
        "EndProgressBarPctCmpltn": "94.642857142857139",
        "VisualName4": "Progressive Bar",
        "VisualType4": "Nutrition",
        "ClinicianId": "2.0",
        "ClinicianName": "Sarah Brown",
        "VisualName5": "Caption 2",
        "VisualType5": "Middle Navy",
        "VisualFnctn5": "Clickable",
        "RcmndtnAsgnmtDate": "2022-09-04 00:00:00.000",
        "VisualName6": "",
        "VisualType6": null
    },
    {
        "PrcsParmtrName": "Section",
        "PrcsParmtrValueOne": "Measure",
        "PrcsParmtrValueTwo": null,
        "Date": "2022-10-04 00:00:00.000",
        "RingPctCmpltn": null,
        "VisualName1": null,
        "VisualType1": null,
        "MeasureCtgyName": null,
        "MeasureCtgySortOrdr": null,
        "VisualName2": null,
        "VisualType2": null,
        "VisualFnctn2": null,
        "MeasureName": "Heart Rate",
        "MeasureSortOrdr": "10.0",
        "VisualName3": "Heading 1",
        "VisualType3": "Middle Navy",
        "VisualFnctn3": "Clickable",
        "ReportURL": "https://app.powerbi.com/reportEmbed?reportId=bfb67ced-6121-4cbc-9731-51632188fdbc&autoAuth=true&ctid=4477f0b7-df69-43a9-8f1a-8f8d846b71f4",
        "LowRcmndtnQty": "55.0",
        "HighRcmndtnQty": "180.0",
        "LowActualQty": "58.0",
        "HighActualQty": "143.0",
        "UnitAbrvName": "bpm",
        "StartProgressBarPctCmpltn": "2.4000000000000004",
        "EndProgressBarPctCmpltn": "70.400000000000006",
        "VisualName4": "Span Bar",
        "VisualType4": "Physiologic",
        "ClinicianId": "3.0",
        "ClinicianName": "Dr. Bobby Smith",
        "VisualName5": "Caption 2",
        "VisualType5": "Middle Navy",
        "VisualFnctn5": "Clickable",
        "RcmndtnAsgnmtDate": "2022-07-01 00:00:00.000",
        "VisualName6": "",
        "VisualType6": null
    }
]