[
    {
        "PrcsParmtrName": "Section",
        "PrcsParmtrValueOne": "Header",
        "PrcsParmtrValueTwo": null,
        "Date": "2022-10-02 00:00:00.000",
        "DayofWeek": "SUN",
        "VisualName1": "Day of Week Header",
        "VisualType1": "Past",
        "MeasureName": null,
        "MeasureSortOrdr": null,
        "VisualName2": null,
        "VisualType2": null
    },
    {
        "PrcsParmtrName": "Section",
        "PrcsParmtrValueOne": "Measure",
        "PrcsParmtrValueTwo": null,
        "Date": "2022-10-02 00:00:00.000",
        "DayofWeek": "SUN",
        "VisualName1": "Day of Week Header",
        "VisualType1": "Past",
        "MeasureName": "Calories",
        "MeasureSortOrdr": "4.0",
        "VisualName2": "Down Arrow Indicator",
        "VisualType2": "Nutrition"
    },
    {
        "PrcsParmtrName": "Section",
        "PrcsParmtrValueOne": "Measure",
        "PrcsParmtrValueTwo": null,
        "Date": "2022-10-02 00:00:00.000",
        "DayofWeek": "SUN",
        "VisualName1": "Day of Week Header",
        "VisualType1": "Past",
        "MeasureName": "Carbohydrates",
        "MeasureSortOrdr": "6.0",
        "VisualName2": "Down Arrow Indicator",
        "VisualType2": "Nutrition"
    },
    {
        "PrcsParmtrName": "Section",
        "PrcsParmtrValueOne": "Measure",
        "PrcsParmtrValueTwo": null,
        "Date": "2022-10-02 00:00:00.000",
        "DayofWeek": "SUN",
        "VisualName1": "Day of Week Header",
        "VisualType1": "Past",
        "MeasureName": "Fats",
        "MeasureSortOrdr": "7.0",
        "VisualName2": "Down Arrow Indicator",
        "VisualType2": "Nutrition"
    },
    {
        "PrcsParmtrName": "Section",
        "PrcsParmtrValueOne": "Measure",
        "PrcsParmtrValueTwo": null,
        "Date": "2022-10-02 00:00:00.000",
        "DayofWeek": "SUN",
        "VisualName1": "Day of Week Header",
        "VisualType1": "Past",
        "MeasureName": "Proteins",
        "MeasureSortOrdr": "5.0",
        "VisualName2": "Down Arrow Indicator",
        "VisualType2": "Nutrition"
    },
    {
        "PrcsParmtrName": "Section",
        "PrcsParmtrValueOne": "Measure",
        "PrcsParmtrValueTwo": null,
        "Date": "2022-10-02 00:00:00.000",
        "DayofWeek": "SUN",
        "VisualName1": "Day of Week Header",
        "VisualType1": "Past",
        "MeasureName": "Steps",
        "MeasureSortOrdr": "1.0",
        "VisualName2": "Down Arrow Indicator",
        "VisualType2": "Activity"
    },
    {
        "PrcsParmtrName": "Section",
        "PrcsParmtrValueOne": "Measure",
        "PrcsParmtrValueTwo": null,
        "Date": "2022-10-02 00:00:00.000",
        "DayofWeek": "SUN",
        "VisualName1": "Day of Week Header",
        "VisualType1": "Past",
        "MeasureName": "Heart Rate",
        "MeasureSortOrdr": "10.0",
        "VisualName2": "Checkmark Indicator",
        "VisualType2": "Physiologic"
    },
    {
        "PrcsParmtrName": "Section",
        "PrcsParmtrValueOne": "Header",
        "PrcsParmtrValueTwo": null,
        "Date": "2022-10-03 00:00:00.000",
        "DayofWeek": "MON",
        "VisualName1": "Day of Week Header",
        "VisualType1": "Past",
        "MeasureName": null,
        "MeasureSortOrdr": null,
        "VisualName2": null,
        "VisualType2": null
    },
    {
        "PrcsParmtrName": "Section",
        "PrcsParmtrValueOne": "Header",
        "PrcsParmtrValueTwo": null,
        "Date": "2022-10-04 00:00:00.000",
        "DayofWeek": "TUE",
        "VisualName1": "Day of Week Header",
        "VisualType1": "Past",
        "MeasureName": null,
        "MeasureSortOrdr": null,
        "VisualName2": null,
        "VisualType2": null
    },
    {
        "PrcsParmtrName": "Section",
        "PrcsParmtrValueOne": "Measure",
        "PrcsParmtrValueTwo": null,
        "Date": "2022-10-04 00:00:00.000",
        "DayofWeek": "TUE",
        "VisualName1": "Day of Week Header",
        "VisualType1": "Past",
        "MeasureName": "Calories",
        "MeasureSortOrdr": "4.0",
        "VisualName2": "Down Arrow Indicator",
        "VisualType2": "Nutrition"
    },
    {
        "PrcsParmtrName": "Section",
        "PrcsParmtrValueOne": "Measure",
        "PrcsParmtrValueTwo": null,
        "Date": "2022-10-04 00:00:00.000",
        "DayofWeek": "TUE",
        "VisualName1": "Day of Week Header",
        "VisualType1": "Past",
        "MeasureName": "Carbohydrates",
        "MeasureSortOrdr": "6.0",
        "VisualName2": "Down Arrow Indicator",
        "VisualType2": "Nutrition"
    },
    {
        "PrcsParmtrName": "Section",
        "PrcsParmtrValueOne": "Measure",
        "PrcsParmtrValueTwo": null,
        "Date": "2022-10-04 00:00:00.000",
        "DayofWeek": "TUE",
        "VisualName1": "Day of Week Header",
        "VisualType1": "Past",
        "MeasureName": "Fats",
        "MeasureSortOrdr": "7.0",
        "VisualName2": "Down Arrow Indicator",
        "VisualType2": "Nutrition"
    },
    {
        "PrcsParmtrName": "Section",
        "PrcsParmtrValueOne": "Measure",
        "PrcsParmtrValueTwo": null,
        "Date": "2022-10-04 00:00:00.000",
        "DayofWeek": "TUE",
        "VisualName1": "Day of Week Header",
        "VisualType1": "Past",
        "MeasureName": "Proteins",
        "MeasureSortOrdr": "5.0",
        "VisualName2": "Up Arrow Indicator",
        "VisualType2": "Nutrition"
    },
    {
        "PrcsParmtrName": "Section",
        "PrcsParmtrValueOne": "Measure",
        "PrcsParmtrValueTwo": null,
        "Date": "2022-10-04 00:00:00.000",
        "DayofWeek": "TUE",
        "VisualName1": "Day of Week Header",
        "VisualType1": "Past",
        "MeasureName": "Running",
        "MeasureSortOrdr": "3.0",
        "VisualName2": "Down Arrow Indicator",
        "VisualType2": "Activity"
    },
    {
        "PrcsParmtrName": "Section",
        "PrcsParmtrValueOne": "Measure",
        "PrcsParmtrValueTwo": null,
        "Date": "2022-10-04 00:00:00.000",
        "DayofWeek": "TUE",
        "VisualName1": "Day of Week Header",
        "VisualType1": "Past",
        "MeasureName": "Steps",
        "MeasureSortOrdr": "1.0",
        "VisualName2": "Checkmark Indicator",
        "VisualType2": "Activity"
    },
    {
        "PrcsParmtrName": "Section",
        "PrcsParmtrValueOne": "Measure",
        "PrcsParmtrValueTwo": null,
        "Date": "2022-10-04 00:00:00.000",
        "DayofWeek": "TUE",
        "VisualName1": "Day of Week Header",
        "VisualType1": "Past",
        "MeasureName": "Heart Rate",
        "MeasureSortOrdr": "10.0",
        "VisualName2": "Checkmark Indicator",
        "VisualType2": "Physiologic"
    },
    {
        "PrcsParmtrName": "Section",
        "PrcsParmtrValueOne": "Header",
        "PrcsParmtrValueTwo": null,
        "Date": "2022-10-05 00:00:00.000",
        "DayofWeek": "WED",
        "VisualName1": "Day of Week Header",
        "VisualType1": "Past",
        "MeasureName": null,
        "MeasureSortOrdr": null,
        "VisualName2": null,
        "VisualType2": null
    },
    {
        "PrcsParmtrName": "Section",
        "PrcsParmtrValueOne": "Measure",
        "PrcsParmtrValueTwo": null,
        "Date": "2022-10-05 00:00:00.000",
        "DayofWeek": "WED",
        "VisualName1": "Day of Week Header",
        "VisualType1": "Past",
        "MeasureName": "Calories",
        "MeasureSortOrdr": "4.0",
        "VisualName2": "Up Arrow Indicator",
        "VisualType2": "Nutrition"
    },
    {
        "PrcsParmtrName": "Section",
        "PrcsParmtrValueOne": "Measure",
        "PrcsParmtrValueTwo": null,
        "Date": "2022-10-05 00:00:00.000",
        "DayofWeek": "WED",
        "VisualName1": "Day of Week Header",
        "VisualType1": "Past",
        "MeasureName": "Carbohydrates",
        "MeasureSortOrdr": "6.0",
        "VisualName2": "Down Arrow Indicator",
        "VisualType2": "Nutrition"
    },
    {
        "PrcsParmtrName": "Section",
        "PrcsParmtrValueOne": "Measure",
        "PrcsParmtrValueTwo": null,
        "Date": "2022-10-05 00:00:00.000",
        "DayofWeek": "WED",
        "VisualName1": "Day of Week Header",
        "VisualType1": "Past",
        "MeasureName": "Fats",
        "MeasureSortOrdr": "7.0",
        "VisualName2": "Down Arrow Indicator",
        "VisualType2": "Nutrition"
    },
    {
        "PrcsParmtrName": "Section",
        "PrcsParmtrValueOne": "Measure",
        "PrcsParmtrValueTwo": null,
        "Date": "2022-10-05 00:00:00.000",
        "DayofWeek": "WED",
        "VisualName1": "Day of Week Header",
        "VisualType1": "Past",
        "MeasureName": "Proteins",
        "MeasureSortOrdr": "5.0",
        "VisualName2": "Down Arrow Indicator",
        "VisualType2": "Nutrition"
    },
    {
        "PrcsParmtrName": "Section",
        "PrcsParmtrValueOne": "Measure",
        "PrcsParmtrValueTwo": null,
        "Date": "2022-10-05 00:00:00.000",
        "DayofWeek": "WED",
        "VisualName1": "Day of Week Header",
        "VisualType1": "Past",
        "MeasureName": "Steps",
        "MeasureSortOrdr": "1.0",
        "VisualName2": "Checkmark Indicator",
        "VisualType2": "Activity"
    },
    {
        "PrcsParmtrName": "Section",
        "PrcsParmtrValueOne": "Measure",
        "PrcsParmtrValueTwo": null,
        "Date": "2022-10-05 00:00:00.000",
        "DayofWeek": "WED",
        "VisualName1": "Day of Week Header",
        "VisualType1": "Past",
        "MeasureName": "Heart Rate",
        "MeasureSortOrdr": "10.0",
        "VisualName2": "Up-Down Arrow Indicator",
        "VisualType2": "Physiologic"
    },
    {
        "PrcsParmtrName": "Section",
        "PrcsParmtrValueOne": "Measure",
        "PrcsParmtrValueTwo": null,
        "Date": "2022-10-05 00:00:00.000",
        "DayofWeek": "WED",
        "VisualName1": "Day of Week Header",
        "VisualType1": "Past",
        "MeasureName": "Weight",
        "MeasureSortOrdr": "11.0",
        "VisualName2": "Checkmark Indicator",
        "VisualType2": "Physiologic"
    },
    {
        "PrcsParmtrName": "Section",
        "PrcsParmtrValueOne": "Header",
        "PrcsParmtrValueTwo": null,
        "Date": "2022-10-06 00:00:00.000",
        "DayofWeek": "THU",
        "VisualName1": "Day of Week Header",
        "VisualType1": "Past",
        "MeasureName": null,
        "MeasureSortOrdr": null,
        "VisualName2": null,
        "VisualType2": null
    },
    {
        "PrcsParmtrName": "Section",
        "PrcsParmtrValueOne": "Measure",
        "PrcsParmtrValueTwo": null,
        "Date": "2022-10-06 00:00:00.000",
        "DayofWeek": "THU",
        "VisualName1": "Day of Week Header",
        "VisualType1": "Past",
        "MeasureName": "Calories",
        "MeasureSortOrdr": "4.0",
        "VisualName2": "Checkmark Indicator",
        "VisualType2": "Nutrition"
    },
    {
        "PrcsParmtrName": "Section",
        "PrcsParmtrValueOne": "Measure",
        "PrcsParmtrValueTwo": null,
        "Date": "2022-10-06 00:00:00.000",
        "DayofWeek": "THU",
        "VisualName1": "Day of Week Header",
        "VisualType1": "Past",
        "MeasureName": "Carbohydrates",
        "MeasureSortOrdr": "6.0",
        "VisualName2": "Down Arrow Indicator",
        "VisualType2": "Nutrition"
    },
    {
        "PrcsParmtrName": "Section",
        "PrcsParmtrValueOne": "Measure",
        "PrcsParmtrValueTwo": null,
        "Date": "2022-10-06 00:00:00.000",
        "DayofWeek": "THU",
        "VisualName1": "Day of Week Header",
        "VisualType1": "Past",
        "MeasureName": "Fats",
        "MeasureSortOrdr": "7.0",
        "VisualName2": "Down Arrow Indicator",
        "VisualType2": "Nutrition"
    },
    {
        "PrcsParmtrName": "Section",
        "PrcsParmtrValueOne": "Measure",
        "PrcsParmtrValueTwo": null,
        "Date": "2022-10-06 00:00:00.000",
        "DayofWeek": "THU",
        "VisualName1": "Day of Week Header",
        "VisualType1": "Past",
        "MeasureName": "Proteins",
        "MeasureSortOrdr": "5.0",
        "VisualName2": "Up Arrow Indicator",
        "VisualType2": "Nutrition"
    },
    {
        "PrcsParmtrName": "Section",
        "PrcsParmtrValueOne": "Measure",
        "PrcsParmtrValueTwo": null,
        "Date": "2022-10-06 00:00:00.000",
        "DayofWeek": "THU",
        "VisualName1": "Day of Week Header",
        "VisualType1": "Past",
        "MeasureName": "Running",
        "MeasureSortOrdr": "3.0",
        "VisualName2": "Down Arrow Indicator",
        "VisualType2": "Activity"
    },
    {
        "PrcsParmtrName": "Section",
        "PrcsParmtrValueOne": "Measure",
        "PrcsParmtrValueTwo": null,
        "Date": "2022-10-06 00:00:00.000",
        "DayofWeek": "THU",
        "VisualName1": "Day of Week Header",
        "VisualType1": "Past",
        "MeasureName": "Steps",
        "MeasureSortOrdr": "1.0",
        "VisualName2": "Checkmark Indicator",
        "VisualType2": "Activity"
    },
    {
        "PrcsParmtrName": "Section",
        "PrcsParmtrValueOne": "Measure",
        "PrcsParmtrValueTwo": null,
        "Date": "2022-10-06 00:00:00.000",
        "DayofWeek": "THU",
        "VisualName1": "Day of Week Header",
        "VisualType1": "Past",
        "MeasureName": "Heart Rate",
        "MeasureSortOrdr": "10.0",
        "VisualName2": "Checkmark Indicator",
        "VisualType2": "Physiologic"
    },
    {
        "PrcsParmtrName": "Section",
        "PrcsParmtrValueOne": "Header",
        "PrcsParmtrValueTwo": null,
        "Date": "2022-10-07 00:00:00.000",
        "DayofWeek": "FRI",
        "VisualName1": "Day of Week Header",
        "VisualType1": "Past",
        "MeasureName": null,
        "MeasureSortOrdr": null,
        "VisualName2": null,
        "VisualType2": null
    },
    {
        "PrcsParmtrName": "Section",
        "PrcsParmtrValueOne": "Measure",
        "PrcsParmtrValueTwo": null,
        "Date": "2022-10-07 00:00:00.000",
        "DayofWeek": "FRI",
        "VisualName1": "Day of Week Header",
        "VisualType1": "Past",
        "MeasureName": "Calories",
        "MeasureSortOrdr": "4.0",
        "VisualName2": "Down Arrow Indicator",
        "VisualType2": "Nutrition"
    },
    {
        "PrcsParmtrName": "Section",
        "PrcsParmtrValueOne": "Measure",
        "PrcsParmtrValueTwo": null,
        "Date": "2022-10-07 00:00:00.000",
        "DayofWeek": "FRI",
        "VisualName1": "Day of Week Header",
        "VisualType1": "Past",
        "MeasureName": "Carbohydrates",
        "MeasureSortOrdr": "6.0",
        "VisualName2": "Down Arrow Indicator",
        "VisualType2": "Nutrition"
    },
    {
        "PrcsParmtrName": "Section",
        "PrcsParmtrValueOne": "Measure",
        "PrcsParmtrValueTwo": null,
        "Date": "2022-10-07 00:00:00.000",
        "DayofWeek": "FRI",
        "VisualName1": "Day of Week Header",
        "VisualType1": "Past",
        "MeasureName": "Fats",
        "MeasureSortOrdr": "7.0",
        "VisualName2": "Down Arrow Indicator",
        "VisualType2": "Nutrition"
    },
    {
        "PrcsParmtrName": "Section",
        "PrcsParmtrValueOne": "Measure",
        "PrcsParmtrValueTwo": null,
        "Date": "2022-10-07 00:00:00.000",
        "DayofWeek": "FRI",
        "VisualName1": "Day of Week Header",
        "VisualType1": "Past",
        "MeasureName": "Proteins",
        "MeasureSortOrdr": "5.0",
        "VisualName2": "Down Arrow Indicator",
        "VisualType2": "Nutrition"
    },
    {
        "PrcsParmtrName": "Section",
        "PrcsParmtrValueOne": "Measure",
        "PrcsParmtrValueTwo": null,
        "Date": "2022-10-07 00:00:00.000",
        "DayofWeek": "FRI",
        "VisualName1": "Day of Week Header",
        "VisualType1": "Past",
        "MeasureName": "Steps",
        "MeasureSortOrdr": "1.0",
        "VisualName2": "Up Arrow Indicator",
        "VisualType2": "Activity"
    },
    {
        "PrcsParmtrName": "Section",
        "PrcsParmtrValueOne": "Measure",
        "PrcsParmtrValueTwo": null,
        "Date": "2022-10-07 00:00:00.000",
        "DayofWeek": "FRI",
        "VisualName1": "Day of Week Header",
        "VisualType1": "Past",
        "MeasureName": "Heart Rate",
        "MeasureSortOrdr": "10.0",
        "VisualName2": "Checkmark Indicator",
        "VisualType2": "Physiologic"
    },
    {
        "PrcsParmtrName": "Section",
        "PrcsParmtrValueOne": "Measure",
        "PrcsParmtrValueTwo": null,
        "Date": "2022-10-07 00:00:00.000",
        "DayofWeek": "FRI",
        "VisualName1": "Day of Week Header",
        "VisualType1": "Past",
        "MeasureName": "Weight",
        "MeasureSortOrdr": "11.0",
        "VisualName2": "Checkmark Indicator",
        "VisualType2": "Physiologic"
    },
    {
        "PrcsParmtrName": "Section",
        "PrcsParmtrValueOne": "Header",
        "PrcsParmtrValueTwo": null,
        "Date": "2022-10-08 00:00:00.000",
        "DayofWeek": "SAT",
        "VisualName1": "Day of Week Header",
        "VisualType1": "Past",
        "MeasureName": null,
        "MeasureSortOrdr": null,
        "VisualName2": null,
        "VisualType2": null
    },
    {
        "PrcsParmtrName": "Section",
        "PrcsParmtrValueOne": "Measure",
        "PrcsParmtrValueTwo": null,
        "Date": "2022-10-08 00:00:00.000",
        "DayofWeek": "SAT",
        "VisualName1": "Day of Week Header",
        "VisualType1": "Past",
        "MeasureName": "Calories",
        "MeasureSortOrdr": "4.0",
        "VisualName2": "Up Arrow Indicator",
        "VisualType2": "Nutrition"
    },
    {
        "PrcsParmtrName": "Section",
        "PrcsParmtrValueOne": "Measure",
        "PrcsParmtrValueTwo": null,
        "Date": "2022-10-08 00:00:00.000",
        "DayofWeek": "SAT",
        "VisualName1": "Day of Week Header",
        "VisualType1": "Past",
        "MeasureName": "Carbohydrates",
        "MeasureSortOrdr": "6.0",
        "VisualName2": "Down Arrow Indicator",
        "VisualType2": "Nutrition"
    },
    {
        "PrcsParmtrName": "Section",
        "PrcsParmtrValueOne": "Measure",
        "PrcsParmtrValueTwo": null,
        "Date": "2022-10-08 00:00:00.000",
        "DayofWeek": "SAT",
        "VisualName1": "Day of Week Header",
        "VisualType1": "Past",
        "MeasureName": "Fats",
        "MeasureSortOrdr": "7.0",
        "VisualName2": "Down Arrow Indicator",
        "VisualType2": "Nutrition"
    },
    {
        "PrcsParmtrName": "Section",
        "PrcsParmtrValueOne": "Measure",
        "PrcsParmtrValueTwo": null,
        "Date": "2022-10-08 00:00:00.000",
        "DayofWeek": "SAT",
        "VisualName1": "Day of Week Header",
        "VisualType1": "Past",
        "MeasureName": "Proteins",
        "MeasureSortOrdr": "5.0",
        "VisualName2": "Checkmark Indicator",
        "VisualType2": "Nutrition"
    },
    {
        "PrcsParmtrName": "Section",
        "PrcsParmtrValueOne": "Measure",
        "PrcsParmtrValueTwo": null,
        "Date": "2022-10-08 00:00:00.000",
        "DayofWeek": "SAT",
        "VisualName1": "Day of Week Header",
        "VisualType1": "Past",
        "MeasureName": "Steps",
        "MeasureSortOrdr": "1.0",
        "VisualName2": "Down Arrow Indicator",
        "VisualType2": "Activity"
    },
    {
        "PrcsParmtrName": "Section",
        "PrcsParmtrValueOne": "Measure",
        "PrcsParmtrValueTwo": null,
        "Date": "2022-10-08 00:00:00.000",
        "DayofWeek": "SAT",
        "VisualName1": "Day of Week Header",
        "VisualType1": "Past",
        "MeasureName": "Heart Rate",
        "MeasureSortOrdr": "10.0",
        "VisualName2": "Checkmark Indicator",
        "VisualType2": "Physiologic"
    }
]