[
    {
        "PrcsParmtrName": "Section",
        "PrcsParmtrValueOne": "Header",
        "PrcsParmtrValueTwo": null,
        "Date": null,
        "Month": "NOV",
        "Year": "2022.0",
        "Day": null,
        "DayofWeek": null,
        "VisualName1": "Month Selector",
        "VisualType1": "Header",
        "IsRcmndtn": null,
        "VisualName2": null,
        "VisualType2": null
    },
    {
        "PrcsParmtrName": "Section",
        "PrcsParmtrValueOne": "Calendar",
        "PrcsParmtrValueTwo": null,
        "Date": "2022-10-30 00:00:00.000",
        "Month": "OCT",
        "Year": "2022.0",
        "Day": "30.0",
        "DayofWeek": "SUN",
        "VisualName1": "Month Selector",
        "VisualType1": "Past Date",
        "IsRcmndtn": "1",
        "VisualName2": "Dot Indicator",
        "VisualType2": "Dark Orange"
    },
    {
        "PrcsParmtrName": "Section",
        "PrcsParmtrValueOne": "Calendar",
        "PrcsParmtrValueTwo": null,
        "Date": "2022-10-31 00:00:00.000",
        "Month": "OCT",
        "Year": "2022.0",
        "Day": "31.0",
        "DayofWeek": "MON",
        "VisualName1": "Month Selector",
        "VisualType1": "Past Date",
        "IsRcmndtn": "1",
        "VisualName2": "Dot Indicator",
        "VisualType2": "Dark Orange"
    },
    {
        "PrcsParmtrName": "Section",
        "PrcsParmtrValueOne": "Calendar",
        "PrcsParmtrValueTwo": null,
        "Date": "2022-11-01 00:00:00.000",
        "Month": "NOV",
        "Year": "2022.0",
        "Day": "1.0",
        "DayofWeek": "TUE",
        "VisualName1": "Month Selector",
        "VisualType1": "Current Date",
        "IsRcmndtn": "1",
        "VisualName2": "Dot Indicator",
        "VisualType2": "Dark Orange"
    },
    {
        "PrcsParmtrName": "Section",
        "PrcsParmtrValueOne": "Calendar",
        "PrcsParmtrValueTwo": null,
        "Date": "2022-11-02 00:00:00.000",
        "Month": "NOV",
        "Year": "2022.0",
        "Day": "2.0",
        "DayofWeek": "WED",
        "VisualName1": "Month Selector",
        "VisualType1": "Current Date",
        "IsRcmndtn": "1",
        "VisualName2": "Dot Indicator",
        "VisualType2": "Dark Orange"
    },
    {
        "PrcsParmtrName": "Section",
        "PrcsParmtrValueOne": "Calendar",
        "PrcsParmtrValueTwo": null,
        "Date": "2022-11-03 00:00:00.000",
        "Month": "NOV",
        "Year": "2022.0",
        "Day": "3.0",
        "DayofWeek": "THU",
        "VisualName1": "Month Selector",
        "VisualType1": "Current Date",
        "IsRcmndtn": "1",
        "VisualName2": "Dot Indicator",
        "VisualType2": "Dark Orange"
    },
    {
        "PrcsParmtrName": "Section",
        "PrcsParmtrValueOne": "Calendar",
        "PrcsParmtrValueTwo": null,
        "Date": "2022-11-04 00:00:00.000",
        "Month": "NOV",
        "Year": "2022.0",
        "Day": "4.0",
        "DayofWeek": "FRI",
        "VisualName1": "Month Selector",
        "VisualType1": "Current Date",
        "IsRcmndtn": "1",
        "VisualName2": "Dot Indicator",
        "VisualType2": "Dark Orange"
    },
    {
        "PrcsParmtrName": "Section",
        "PrcsParmtrValueOne": "Calendar",
        "PrcsParmtrValueTwo": null,
        "Date": "2022-11-05 00:00:00.000",
        "Month": "NOV",
        "Year": "2022.0",
        "Day": "5.0",
        "DayofWeek": "SAT",
        "VisualName1": "Month Selector",
        "VisualType1": "Current Date",
        "IsRcmndtn": "1",
        "VisualName2": "Dot Indicator",
        "VisualType2": "Dark Orange"
    },
    {
        "PrcsParmtrName": "Section",
        "PrcsParmtrValueOne": "Calendar",
        "PrcsParmtrValueTwo": null,
        "Date": "2022-11-06 00:00:00.000",
        "Month": "NOV",
        "Year": "2022.0",
        "Day": "6.0",
        "DayofWeek": "SUN",
        "VisualName1": "Month Selector",
        "VisualType1": "Current Date",
        "IsRcmndtn": "1",
        "VisualName2": "Dot Indicator",
        "VisualType2": "Dark Orange"
    },
    {
        "PrcsParmtrName": "Section",
        "PrcsParmtrValueOne": "Calendar",
        "PrcsParmtrValueTwo": null,
        "Date": "2022-11-07 00:00:00.000",
        "Month": "NOV",
        "Year": "2022.0",
        "Day": "7.0",
        "DayofWeek": "MON",
        "VisualName1": "Month Selector",
        "VisualType1": "Current Date",
        "IsRcmndtn": "1",
        "VisualName2": "Dot Indicator",
        "VisualType2": "Dark Orange"
    },
    {
        "PrcsParmtrName": "Section",
        "PrcsParmtrValueOne": "Calendar",
        "PrcsParmtrValueTwo": null,
        "Date": "2022-11-08 00:00:00.000",
        "Month": "NOV",
        "Year": "2022.0",
        "Day": "8.0",
        "DayofWeek": "TUE",
        "VisualName1": "Month Selector",
        "VisualType1": "Current Date",
        "IsRcmndtn": "1",
        "VisualName2": "Dot Indicator",
        "VisualType2": "Dark Orange"
    },
    {
        "PrcsParmtrName": "Section",
        "PrcsParmtrValueOne": "Calendar",
        "PrcsParmtrValueTwo": null,
        "Date": "2022-11-09 00:00:00.000",
        "Month": "NOV",
        "Year": "2022.0",
        "Day": "9.0",
        "DayofWeek": "WED",
        "VisualName1": "Month Selector",
        "VisualType1": "Current Date",
        "IsRcmndtn": "1",
        "VisualName2": "Dot Indicator",
        "VisualType2": "Dark Orange"
    },
    {
        "PrcsParmtrName": "Section",
        "PrcsParmtrValueOne": "Calendar",
        "PrcsParmtrValueTwo": null,
        "Date": "2022-11-10 00:00:00.000",
        "Month": "NOV",
        "Year": "2022.0",
        "Day": "10.0",
        "DayofWeek": "THU",
        "VisualName1": "Month Selector",
        "VisualType1": "Current Date",
        "IsRcmndtn": "1",
        "VisualName2": "Dot Indicator",
        "VisualType2": "Dark Orange"
    },
    {
        "PrcsParmtrName": "Section",
        "PrcsParmtrValueOne": "Calendar",
        "PrcsParmtrValueTwo": null,
        "Date": "2022-11-11 00:00:00.000",
        "Month": "NOV",
        "Year": "2022.0",
        "Day": "11.0",
        "DayofWeek": "FRI",
        "VisualName1": "Month Selector",
        "VisualType1": "Current Date",
        "IsRcmndtn": "1",
        "VisualName2": "Dot Indicator",
        "VisualType2": "Dark Orange"
    },
    {
        "PrcsParmtrName": "Section",
        "PrcsParmtrValueOne": "Calendar",
        "PrcsParmtrValueTwo": null,
        "Date": "2022-11-12 00:00:00.000",
        "Month": "NOV",
        "Year": "2022.0",
        "Day": "12.0",
        "DayofWeek": "SAT",
        "VisualName1": "Month Selector",
        "VisualType1": "Current Date",
        "IsRcmndtn": "1",
        "VisualName2": "Dot Indicator",
        "VisualType2": "Dark Orange"
    },
    {
        "PrcsParmtrName": "Section",
        "PrcsParmtrValueOne": "Calendar",
        "PrcsParmtrValueTwo": null,
        "Date": "2022-11-13 00:00:00.000",
        "Month": "NOV",
        "Year": "2022.0",
        "Day": "13.0",
        "DayofWeek": "SUN",
        "VisualName1": "Month Selector",
        "VisualType1": "Current Date",
        "IsRcmndtn": "1",
        "VisualName2": "Dot Indicator",
        "VisualType2": "Dark Orange"
    },
    {
        "PrcsParmtrName": "Section",
        "PrcsParmtrValueOne": "Calendar",
        "PrcsParmtrValueTwo": null,
        "Date": "2022-11-14 00:00:00.000",
        "Month": "NOV",
        "Year": "2022.0",
        "Day": "14.0",
        "DayofWeek": "MON",
        "VisualName1": "Month Selector",
        "VisualType1": "Current Date",
        "IsRcmndtn": "1",
        "VisualName2": "Dot Indicator",
        "VisualType2": "Dark Orange"
    },
    {
        "PrcsParmtrName": "Section",
        "PrcsParmtrValueOne": "Calendar",
        "PrcsParmtrValueTwo": null,
        "Date": "2022-11-15 00:00:00.000",
        "Month": "NOV",
        "Year": "2022.0",
        "Day": "15.0",
        "DayofWeek": "TUE",
        "VisualName1": "Month Selector",
        "VisualType1": "Current Date",
        "IsRcmndtn": "1",
        "VisualName2": "Dot Indicator",
        "VisualType2": "Dark Orange"
    },
    {
        "PrcsParmtrName": "Section",
        "PrcsParmtrValueOne": "Calendar",
        "PrcsParmtrValueTwo": null,
        "Date": "2022-11-16 00:00:00.000",
        "Month": "NOV",
        "Year": "2022.0",
        "Day": "16.0",
        "DayofWeek": "WED",
        "VisualName1": "Month Selector",
        "VisualType1": "Current Date",
        "IsRcmndtn": "1",
        "VisualName2": "Dot Indicator",
        "VisualType2": "Dark Orange"
    },
    {
        "PrcsParmtrName": "Section",
        "PrcsParmtrValueOne": "Calendar",
        "PrcsParmtrValueTwo": null,
        "Date": "2022-11-17 00:00:00.000",
        "Month": "NOV",
        "Year": "2022.0",
        "Day": "17.0",
        "DayofWeek": "THU",
        "VisualName1": "Month Selector",
        "VisualType1": "Current Date",
        "IsRcmndtn": "1",
        "VisualName2": "Dot Indicator",
        "VisualType2": "Dark Orange"
    },
    {
        "PrcsParmtrName": "Section",
        "PrcsParmtrValueOne": "Calendar",
        "PrcsParmtrValueTwo": null,
        "Date": "2022-11-18 00:00:00.000",
        "Month": "NOV",
        "Year": "2022.0",
        "Day": "18.0",
        "DayofWeek": "FRI",
        "VisualName1": "Month Selector",
        "VisualType1": "Current Date",
        "IsRcmndtn": "1",
        "VisualName2": "Dot Indicator",
        "VisualType2": "Dark Orange"
    },
    {
        "PrcsParmtrName": "Section",
        "PrcsParmtrValueOne": "Calendar",
        "PrcsParmtrValueTwo": null,
        "Date": "2022-11-19 00:00:00.000",
        "Month": "NOV",
        "Year": "2022.0",
        "Day": "19.0",
        "DayofWeek": "SAT",
        "VisualName1": "Month Selector",
        "VisualType1": "Current Date",
        "IsRcmndtn": "1",
        "VisualName2": "Dot Indicator",
        "VisualType2": "Dark Orange"
    },
    {
        "PrcsParmtrName": "Section",
        "PrcsParmtrValueOne": "Calendar",
        "PrcsParmtrValueTwo": null,
        "Date": "2022-11-20 00:00:00.000",
        "Month": "NOV",
        "Year": "2022.0",
        "Day": "20.0",
        "DayofWeek": "SUN",
        "VisualName1": "Month Selector",
        "VisualType1": "Current Date",
        "IsRcmndtn": "1",
        "VisualName2": "Dot Indicator",
        "VisualType2": "Dark Orange"
    },
    {
        "PrcsParmtrName": "Section",
        "PrcsParmtrValueOne": "Calendar",
        "PrcsParmtrValueTwo": null,
        "Date": "2022-11-21 00:00:00.000",
        "Month": "NOV",
        "Year": "2022.0",
        "Day": "21.0",
        "DayofWeek": "MON",
        "VisualName1": "Month Selector",
        "VisualType1": "Current Date",
        "IsRcmndtn": "1",
        "VisualName2": "Dot Indicator",
        "VisualType2": "Dark Orange"
    },
    {
        "PrcsParmtrName": "Section",
        "PrcsParmtrValueOne": "Calendar",
        "PrcsParmtrValueTwo": null,
        "Date": "2022-11-22 00:00:00.000",
        "Month": "NOV",
        "Year": "2022.0",
        "Day": "22.0",
        "DayofWeek": "TUE",
        "VisualName1": "Month Selector",
        "VisualType1": "Current Date",
        "IsRcmndtn": "1",
        "VisualName2": "Dot Indicator",
        "VisualType2": "Dark Orange"
    },
    {
        "PrcsParmtrName": "Section",
        "PrcsParmtrValueOne": "Calendar",
        "PrcsParmtrValueTwo": null,
        "Date": "2022-11-23 00:00:00.000",
        "Month": "NOV",
        "Year": "2022.0",
        "Day": "23.0",
        "DayofWeek": "WED",
        "VisualName1": "Month Selector",
        "VisualType1": "Current Date",
        "IsRcmndtn": "1",
        "VisualName2": "Dot Indicator",
        "VisualType2": "Dark Orange"
    },
    {
        "PrcsParmtrName": "Section",
        "PrcsParmtrValueOne": "Calendar",
        "PrcsParmtrValueTwo": null,
        "Date": "2022-11-24 00:00:00.000",
        "Month": "NOV",
        "Year": "2022.0",
        "Day": "24.0",
        "DayofWeek": "THU",
        "VisualName1": "Month Selector",
        "VisualType1": "Current Date",
        "IsRcmndtn": "1",
        "VisualName2": "Dot Indicator",
        "VisualType2": "Dark Orange"
    },
    {
        "PrcsParmtrName": "Section",
        "PrcsParmtrValueOne": "Calendar",
        "PrcsParmtrValueTwo": null,
        "Date": "2022-11-25 00:00:00.000",
        "Month": "NOV",
        "Year": "2022.0",
        "Day": "25.0",
        "DayofWeek": "FRI",
        "VisualName1": "Month Selector",
        "VisualType1": "Current Date",
        "IsRcmndtn": "1",
        "VisualName2": "Dot Indicator",
        "VisualType2": "Dark Orange"
    },
    {
        "PrcsParmtrName": "Section",
        "PrcsParmtrValueOne": "Calendar",
        "PrcsParmtrValueTwo": null,
        "Date": "2022-11-26 00:00:00.000",
        "Month": "NOV",
        "Year": "2022.0",
        "Day": "26.0",
        "DayofWeek": "SAT",
        "VisualName1": "Month Selector",
        "VisualType1": "Current Date",
        "IsRcmndtn": "1",
        "VisualName2": "Dot Indicator",
        "VisualType2": "Dark Orange"
    },
    {
        "PrcsParmtrName": "Section",
        "PrcsParmtrValueOne": "Calendar",
        "PrcsParmtrValueTwo": null,
        "Date": "2022-11-27 00:00:00.000",
        "Month": "NOV",
        "Year": "2022.0",
        "Day": "27.0",
        "DayofWeek": "SUN",
        "VisualName1": "Month Selector",
        "VisualType1": "Current Date",
        "IsRcmndtn": "1",
        "VisualName2": "Dot Indicator",
        "VisualType2": "Dark Orange"
    },
    {
        "PrcsParmtrName": "Section",
        "PrcsParmtrValueOne": "Calendar",
        "PrcsParmtrValueTwo": null,
        "Date": "2022-11-28 00:00:00.000",
        "Month": "NOV",
        "Year": "2022.0",
        "Day": "28.0",
        "DayofWeek": "MON",
        "VisualName1": "Month Selector",
        "VisualType1": "Current Date",
        "IsRcmndtn": "1",
        "VisualName2": "Dot Indicator",
        "VisualType2": "Dark Orange"
    },
    {
        "PrcsParmtrName": "Section",
        "PrcsParmtrValueOne": "Calendar",
        "PrcsParmtrValueTwo": null,
        "Date": "2022-11-29 00:00:00.000",
        "Month": "NOV",
        "Year": "2022.0",
        "Day": "29.0",
        "DayofWeek": "TUE",
        "VisualName1": "Month Selector",
        "VisualType1": "Current Date",
        "IsRcmndtn": "1",
        "VisualName2": "Dot Indicator",
        "VisualType2": "Dark Orange"
    },
    {
        "PrcsParmtrName": "Section",
        "PrcsParmtrValueOne": "Calendar",
        "PrcsParmtrValueTwo": null,
        "Date": "2022-11-30 00:00:00.000",
        "Month": "NOV",
        "Year": "2022.0",
        "Day": "30.0",
        "DayofWeek": "WED",
        "VisualName1": "Month Selector",
        "VisualType1": "Current Date",
        "IsRcmndtn": "1",
        "VisualName2": "Dot Indicator",
        "VisualType2": "Dark Orange"
    },
    {
        "PrcsParmtrName": "Section",
        "PrcsParmtrValueOne": "Calendar",
        "PrcsParmtrValueTwo": null,
        "Date": "2022-12-01 00:00:00.000",
        "Month": "DEC",
        "Year": "2022.0",
        "Day": "1.0",
        "DayofWeek": "THU",
        "VisualName1": "Month Selector",
        "VisualType1": "Future Date",
        "IsRcmndtn": "1",
        "VisualName2": "Dot Indicator",
        "VisualType2": "Dark Orange"
    },
    {
        "PrcsParmtrName": "Section",
        "PrcsParmtrValueOne": "Calendar",
        "PrcsParmtrValueTwo": null,
        "Date": "2022-12-02 00:00:00.000",
        "Month": "DEC",
        "Year": "2022.0",
        "Day": "2.0",
        "DayofWeek": "FRI",
        "VisualName1": "Month Selector",
        "VisualType1": "Future Date",
        "IsRcmndtn": "1",
        "VisualName2": "Dot Indicator",
        "VisualType2": "Dark Orange"
    },
    {
        "PrcsParmtrName": "Section",
        "PrcsParmtrValueOne": "Calendar",
        "PrcsParmtrValueTwo": null,
        "Date": "2022-12-03 00:00:00.000",
        "Month": "DEC",
        "Year": "2022.0",
        "Day": "3.0",
        "DayofWeek": "SAT",
        "VisualName1": "Month Selector",
        "VisualType1": "Future Date",
        "IsRcmndtn": "1",
        "VisualName2": "Dot Indicator",
        "VisualType2": "Dark Orange"
    }
]