[
    {
        "PrcsParmtrName": "Section",
        "PrcsParmtrValueOne": "Header",
        "PrcsParmtrValueTwo": null,
        "ReportCtgyName": "Activity",
        "ReportCtgySortOrdr": "1.0",
        "ReportIcon": null,
        "VisualName1": null,
        "VisualType1": null,
        "ReportName": null,
        "ReportSortOrdr": null,
        "ReportURL": null,
        "VisualName2": null,
        "VisualType2": null
    },
    {
        "PrcsParmtrName": "Section",
        "PrcsParmtrValueOne": "Button",
        "PrcsParmtrValueTwo": null,
        "ReportCtgyName": "Activity",
        "ReportCtgySortOrdr": "1.0",
        "ReportIcon": "url(flightsclimbedicon)",
        "VisualName1": "Measure Icon",
        "VisualType1": "Activity",
        "ReportName": "Flights Climbed ",
        "ReportSortOrdr": "1.0",
        "ReportURL": "https://app.powerbi.com/reportEmbed?reportId=8eed0311-080f-4eda-b68b-af7403c15fcd&autoAuth=true&ctid=4477f0b7-df69-43a9-8f1a-8f8d846b71f4",
        "VisualName2": "Measure Card",
        "VisualType2": "Enabled"
    },
    {
        "PrcsParmtrName": "Section",
        "PrcsParmtrValueOne": "Button",
        "PrcsParmtrValueTwo": null,
        "ReportCtgyName": "Activity",
        "ReportCtgySortOrdr": "1.0",
        "ReportIcon": "url(standtimeicon)",
        "VisualName1": "Measure Icon",
        "VisualType1": "Activity",
        "ReportName": "Stand Time",
        "ReportSortOrdr": "4.0",
        "ReportURL": "https://app.powerbi.com/reportEmbed?reportId=dd63c300-5fc2-43e2-8a81-2c950071df88&autoAuth=true&ctid=4477f0b7-df69-43a9-8f1a-8f8d846b71f4",
        "VisualName2": "Measure Card",
        "VisualType2": "Enabled"
    },
    {
        "PrcsParmtrName": "Section",
        "PrcsParmtrValueOne": "Button",
        "PrcsParmtrValueTwo": null,
        "ReportCtgyName": "Activity",
        "ReportCtgySortOrdr": "1.0",
        "ReportIcon": "url(stepsicon)",
        "VisualName1": "Measure Icon",
        "VisualType1": "Activity",
        "ReportName": "Steps",
        "ReportSortOrdr": "5.0",
        "ReportURL": "https://app.powerbi.com/reportEmbed?reportId=688ed60e-173d-417a-a9eb-d236c599d91b&autoAuth=true&ctid=4477f0b7-df69-43a9-8f1a-8f8d846b71f4",
        "VisualName2": "Measure Card",
        "VisualType2": "Enabled"
    },
    {
        "PrcsParmtrName": "Section",
        "PrcsParmtrValueOne": "Button",
        "PrcsParmtrValueTwo": null,
        "ReportCtgyName": "Activity",
        "ReportCtgySortOrdr": "1.0",
        "ReportIcon": "url(climbingicon)",
        "VisualName1": "Measure Icon",
        "VisualType1": "Activity",
        "ReportName": "Climbing",
        "ReportSortOrdr": "15.0",
        "ReportURL": "https://app.powerbi.com/reportEmbed?reportId=688ed60e-173d-417a-a9eb-d236c599d91b&autoAuth=true&ctid=4477f0b7-df69-43a9-8f1a-8f8d846b71f4",
        "VisualName2": "Measure Card",
        "VisualType2": "Enabled"
    },
    {
        "PrcsParmtrName": "Section",
        "PrcsParmtrValueOne": "Button",
        "PrcsParmtrValueTwo": null,
        "ReportCtgyName": "Activity",
        "ReportCtgySortOrdr": "1.0",
        "ReportIcon": "url(coretrainingicon)",
        "VisualName1": "Measure Icon",
        "VisualType1": "Activity",
        "ReportName": "Core Training",
        "ReportSortOrdr": "16.0",
        "ReportURL": "https://app.powerbi.com/reportEmbed?reportId=688ed60e-173d-417a-a9eb-d236c599d91b&autoAuth=true&ctid=4477f0b7-df69-43a9-8f1a-8f8d846b71f4",
        "VisualName2": "Measure Card",
        "VisualType2": "Enabled"
    },
    {
        "PrcsParmtrName": "Section",
        "PrcsParmtrValueOne": "Button",
        "PrcsParmtrValueTwo": null,
        "ReportCtgyName": "Activity",
        "ReportCtgySortOrdr": "1.0",
        "ReportIcon": "url(cricketicon)",
        "VisualName1": "Measure Icon",
        "VisualType1": "Activity",
        "ReportName": "Cricket",
        "ReportSortOrdr": "17.0",
        "ReportURL": "https://app.powerbi.com/reportEmbed?reportId=688ed60e-173d-417a-a9eb-d236c599d91b&autoAuth=true&ctid=4477f0b7-df69-43a9-8f1a-8f8d846b71f4",
        "VisualName2": "Measure Card",
        "VisualType2": "Enabled"
    },
    {
        "PrcsParmtrName": "Section",
        "PrcsParmtrValueOne": "Button",
        "PrcsParmtrValueTwo": null,
        "ReportCtgyName": "Activity",
        "ReportCtgySortOrdr": "1.0",
        "ReportIcon": "url(crosscountryskiingicon)",
        "VisualName1": "Measure Icon",
        "VisualType1": "Activity",
        "ReportName": "Cross Country Skiing",
        "ReportSortOrdr": "18.0",
        "ReportURL": "https://app.powerbi.com/reportEmbed?reportId=688ed60e-173d-417a-a9eb-d236c599d91b&autoAuth=true&ctid=4477f0b7-df69-43a9-8f1a-8f8d846b71f4",
        "VisualName2": "Measure Card",
        "VisualType2": "Enabled"
    },
    {
        "PrcsParmtrName": "Section",
        "PrcsParmtrValueOne": "Button",
        "PrcsParmtrValueTwo": null,
        "ReportCtgyName": "Activity",
        "ReportCtgySortOrdr": "1.0",
        "ReportIcon": "url(crosstrainingicon)",
        "VisualName1": "Measure Icon",
        "VisualType1": "Activity",
        "ReportName": "Cross Training",
        "ReportSortOrdr": "19.0",
        "ReportURL": "https://app.powerbi.com/reportEmbed?reportId=688ed60e-173d-417a-a9eb-d236c599d91b&autoAuth=true&ctid=4477f0b7-df69-43a9-8f1a-8f8d846b71f4",
        "VisualName2": "Measure Card",
        "VisualType2": "Enabled"
    },
    {
        "PrcsParmtrName": "Section",
        "PrcsParmtrValueOne": "Button",
        "PrcsParmtrValueTwo": null,
        "ReportCtgyName": "Activity",
        "ReportCtgySortOrdr": "1.0",
        "ReportIcon": "url(curlingicon)",
        "VisualName1": "Measure Icon",
        "VisualType1": "Activity",
        "ReportName": "Curling",
        "ReportSortOrdr": "20.0",
        "ReportURL": "https://app.powerbi.com/reportEmbed?reportId=688ed60e-173d-417a-a9eb-d236c599d91b&autoAuth=true&ctid=4477f0b7-df69-43a9-8f1a-8f8d846b71f4",
        "VisualName2": "Measure Card",
        "VisualType2": "Enabled"
    },
    {
        "PrcsParmtrName": "Section",
        "PrcsParmtrValueOne": "Button",
        "PrcsParmtrValueTwo": null,
        "ReportCtgyName": "Activity",
        "ReportCtgySortOrdr": "1.0",
        "ReportIcon": "url(cyclingicon)",
        "VisualName1": "Measure Icon",
        "VisualType1": "Activity",
        "ReportName": "Cycling",
        "ReportSortOrdr": "21.0",
        "ReportURL": "https://app.powerbi.com/reportEmbed?reportId=688ed60e-173d-417a-a9eb-d236c599d91b&autoAuth=true&ctid=4477f0b7-df69-43a9-8f1a-8f8d846b71f4",
        "VisualName2": "Measure Card",
        "VisualType2": "Enabled"
    },
    {
        "PrcsParmtrName": "Section",
        "PrcsParmtrValueOne": "Button",
        "PrcsParmtrValueTwo": null,
        "ReportCtgyName": "Activity",
        "ReportCtgySortOrdr": "1.0",
        "ReportIcon": "url(danceicon)",
        "VisualName1": "Measure Icon",
        "VisualType1": "Activity",
        "ReportName": "Dance",
        "ReportSortOrdr": "22.0",
        "ReportURL": "https://app.powerbi.com/reportEmbed?reportId=688ed60e-173d-417a-a9eb-d236c599d91b&autoAuth=true&ctid=4477f0b7-df69-43a9-8f1a-8f8d846b71f4",
        "VisualName2": "Measure Card",
        "VisualType2": "Enabled"
    },
    {
        "PrcsParmtrName": "Section",
        "PrcsParmtrValueOne": "Button",
        "PrcsParmtrValueTwo": null,
        "ReportCtgyName": "Activity",
        "ReportCtgySortOrdr": "1.0",
        "ReportIcon": "url(discsportsicon)",
        "VisualName1": "Measure Icon",
        "VisualType1": "Activity",
        "ReportName": "Disc Sports",
        "ReportSortOrdr": "23.0",
        "ReportURL": "https://app.powerbi.com/reportEmbed?reportId=688ed60e-173d-417a-a9eb-d236c599d91b&autoAuth=true&ctid=4477f0b7-df69-43a9-8f1a-8f8d846b71f4",
        "VisualName2": "Measure Card",
        "VisualType2": "Enabled"
    },
    {
        "PrcsParmtrName": "Section",
        "PrcsParmtrValueOne": "Button",
        "PrcsParmtrValueTwo": null,
        "ReportCtgyName": "Activity",
        "ReportCtgySortOrdr": "1.0",
        "ReportIcon": "url(downhillskiingicon)",
        "VisualName1": "Measure Icon",
        "VisualType1": "Activity",
        "ReportName": "Downhill Skiing",
        "ReportSortOrdr": "24.0",
        "ReportURL": "https://app.powerbi.com/reportEmbed?reportId=688ed60e-173d-417a-a9eb-d236c599d91b&autoAuth=true&ctid=4477f0b7-df69-43a9-8f1a-8f8d846b71f4",
        "VisualName2": "Measure Card",
        "VisualType2": "Enabled"
    },
    {
        "PrcsParmtrName": "Section",
        "PrcsParmtrValueOne": "Button",
        "PrcsParmtrValueTwo": null,
        "ReportCtgyName": "Activity",
        "ReportCtgySortOrdr": "1.0",
        "ReportIcon": "url(ellipticalicon)",
        "VisualName1": "Measure Icon",
        "VisualType1": "Activity",
        "ReportName": "Elliptical",
        "ReportSortOrdr": "25.0",
        "ReportURL": "https://app.powerbi.com/reportEmbed?reportId=688ed60e-173d-417a-a9eb-d236c599d91b&autoAuth=true&ctid=4477f0b7-df69-43a9-8f1a-8f8d846b71f4",
        "VisualName2": "Measure Card",
        "VisualType2": "Enabled"
    },
    {
        "PrcsParmtrName": "Section",
        "PrcsParmtrValueOne": "Button",
        "PrcsParmtrValueTwo": null,
        "ReportCtgyName": "Activity",
        "ReportCtgySortOrdr": "1.0",
        "ReportIcon": "url(golficon)",
        "VisualName1": "Measure Icon",
        "VisualType1": "Activity",
        "ReportName": "Golf",
        "ReportSortOrdr": "30.0",
        "ReportURL": "https://app.powerbi.com/reportEmbed?reportId=688ed60e-173d-417a-a9eb-d236c599d91b&autoAuth=true&ctid=4477f0b7-df69-43a9-8f1a-8f8d846b71f4",
        "VisualName2": "Measure Card",
        "VisualType2": "Enabled"
    },
    {
        "PrcsParmtrName": "Section",
        "PrcsParmtrValueOne": "Button",
        "PrcsParmtrValueTwo": null,
        "ReportCtgyName": "Activity",
        "ReportCtgySortOrdr": "1.0",
        "ReportIcon": "url(highintensityintervaltrainingicon)",
        "VisualName1": "Measure Icon",
        "VisualType1": "Activity",
        "ReportName": "High Intensity Interval Training",
        "ReportSortOrdr": "34.0",
        "ReportURL": "https://app.powerbi.com/reportEmbed?reportId=688ed60e-173d-417a-a9eb-d236c599d91b&autoAuth=true&ctid=4477f0b7-df69-43a9-8f1a-8f8d846b71f4",
        "VisualName2": "Measure Card",
        "VisualType2": "Enabled"
    },
    {
        "PrcsParmtrName": "Section",
        "PrcsParmtrValueOne": "Button",
        "PrcsParmtrValueTwo": null,
        "ReportCtgyName": "Activity",
        "ReportCtgySortOrdr": "1.0",
        "ReportIcon": "url(hikingicon)",
        "VisualName1": "Measure Icon",
        "VisualType1": "Activity",
        "ReportName": "Hiking",
        "ReportSortOrdr": "35.0",
        "ReportURL": "https://app.powerbi.com/reportEmbed?reportId=688ed60e-173d-417a-a9eb-d236c599d91b&autoAuth=true&ctid=4477f0b7-df69-43a9-8f1a-8f8d846b71f4",
        "VisualName2": "Measure Card",
        "VisualType2": "Enabled"
    },
    {
        "PrcsParmtrName": "Section",
        "PrcsParmtrValueOne": "Button",
        "PrcsParmtrValueTwo": null,
        "ReportCtgyName": "Activity",
        "ReportCtgySortOrdr": "1.0",
        "ReportIcon": "url(hockeyicon)",
        "VisualName1": "Measure Icon",
        "VisualType1": "Activity",
        "ReportName": "Hockey",
        "ReportSortOrdr": "36.0",
        "ReportURL": "https://app.powerbi.com/reportEmbed?reportId=688ed60e-173d-417a-a9eb-d236c599d91b&autoAuth=true&ctid=4477f0b7-df69-43a9-8f1a-8f8d846b71f4",
        "VisualName2": "Measure Card",
        "VisualType2": "Enabled"
    },
    {
        "PrcsParmtrName": "Section",
        "PrcsParmtrValueOne": "Button",
        "PrcsParmtrValueTwo": null,
        "ReportCtgyName": "Activity",
        "ReportCtgySortOrdr": "1.0",
        "ReportIcon": "url(mixedcardioicon)",
        "VisualName1": "Measure Icon",
        "VisualType1": "Activity",
        "ReportName": "Mixed Cardio",
        "ReportSortOrdr": "43.0",
        "ReportURL": "https://app.powerbi.com/reportEmbed?reportId=688ed60e-173d-417a-a9eb-d236c599d91b&autoAuth=true&ctid=4477f0b7-df69-43a9-8f1a-8f8d846b71f4",
        "VisualName2": "Measure Card",
        "VisualType2": "Enabled"
    },
    {
        "PrcsParmtrName": "Section",
        "PrcsParmtrValueOne": "Button",
        "PrcsParmtrValueTwo": null,
        "ReportCtgyName": "Activity",
        "ReportCtgySortOrdr": "1.0",
        "ReportIcon": "url(othericon)",
        "VisualName1": "Measure Icon",
        "VisualType1": "Activity",
        "ReportName": "Other",
        "ReportSortOrdr": "44.0",
        "ReportURL": "https://app.powerbi.com/reportEmbed?reportId=688ed60e-173d-417a-a9eb-d236c599d91b&autoAuth=true&ctid=4477f0b7-df69-43a9-8f1a-8f8d846b71f4",
        "VisualName2": "Measure Card",
        "VisualType2": "Enabled"
    },
    {
        "PrcsParmtrName": "Section",
        "PrcsParmtrValueOne": "Button",
        "PrcsParmtrValueTwo": null,
        "ReportCtgyName": "Activity",
        "ReportCtgySortOrdr": "1.0",
        "ReportIcon": "url(preparation&recoveryicon)",
        "VisualName1": "Measure Icon",
        "VisualType1": "Activity",
        "ReportName": "Preparation & Recovery",
        "ReportSortOrdr": "49.0",
        "ReportURL": "https://app.powerbi.com/reportEmbed?reportId=688ed60e-173d-417a-a9eb-d236c599d91b&autoAuth=true&ctid=4477f0b7-df69-43a9-8f1a-8f8d846b71f4",
        "VisualName2": "Measure Card",
        "VisualType2": "Enabled"
    },
    {
        "PrcsParmtrName": "Section",
        "PrcsParmtrValueOne": "Button",
        "PrcsParmtrValueTwo": null,
        "ReportCtgyName": "Activity",
        "ReportCtgySortOrdr": "1.0",
        "ReportIcon": "url(racquetballicon)",
        "VisualName1": "Measure Icon",
        "VisualType1": "Activity",
        "ReportName": "Racquetball",
        "ReportSortOrdr": "50.0",
        "ReportURL": "https://app.powerbi.com/reportEmbed?reportId=688ed60e-173d-417a-a9eb-d236c599d91b&autoAuth=true&ctid=4477f0b7-df69-43a9-8f1a-8f8d846b71f4",
        "VisualName2": "Measure Card",
        "VisualType2": "Enabled"
    },
    {
        "PrcsParmtrName": "Section",
        "PrcsParmtrValueOne": "Button",
        "PrcsParmtrValueTwo": null,
        "ReportCtgyName": "Activity",
        "ReportCtgySortOrdr": "1.0",
        "ReportIcon": "url(rowingicon)",
        "VisualName1": "Measure Icon",
        "VisualType1": "Activity",
        "ReportName": "Rowing",
        "ReportSortOrdr": "51.0",
        "ReportURL": "https://app.powerbi.com/reportEmbed?reportId=688ed60e-173d-417a-a9eb-d236c599d91b&autoAuth=true&ctid=4477f0b7-df69-43a9-8f1a-8f8d846b71f4",
        "VisualName2": "Measure Card",
        "VisualType2": "Enabled"
    },
    {
        "PrcsParmtrName": "Section",
        "PrcsParmtrValueOne": "Button",
        "PrcsParmtrValueTwo": null,
        "ReportCtgyName": "Activity",
        "ReportCtgySortOrdr": "1.0",
        "ReportIcon": "url(runningicon)",
        "VisualName1": "Measure Icon",
        "VisualType1": "Activity",
        "ReportName": "Running",
        "ReportSortOrdr": "53.0",
        "ReportURL": "https://app.powerbi.com/reportEmbed?reportId=688ed60e-173d-417a-a9eb-d236c599d91b&autoAuth=true&ctid=4477f0b7-df69-43a9-8f1a-8f8d846b71f4",
        "VisualName2": "Measure Card",
        "VisualType2": "Enabled"
    },
    {
        "PrcsParmtrName": "Section",
        "PrcsParmtrValueOne": "Button",
        "PrcsParmtrValueTwo": null,
        "ReportCtgyName": "Activity",
        "ReportCtgySortOrdr": "1.0",
        "ReportIcon": "url(snowboardingicon)",
        "VisualName1": "Measure Icon",
        "VisualType1": "Activity",
        "ReportName": "Snowboarding",
        "ReportSortOrdr": "58.0",
        "ReportURL": "https://app.powerbi.com/reportEmbed?reportId=688ed60e-173d-417a-a9eb-d236c599d91b&autoAuth=true&ctid=4477f0b7-df69-43a9-8f1a-8f8d846b71f4",
        "VisualName2": "Measure Card",
        "VisualType2": "Enabled"
    },
    {
        "PrcsParmtrName": "Section",
        "PrcsParmtrValueOne": "Button",
        "PrcsParmtrValueTwo": null,
        "ReportCtgyName": "Activity",
        "ReportCtgySortOrdr": "1.0",
        "ReportIcon": "url(squashicon)",
        "VisualName1": "Measure Icon",
        "VisualType1": "Activity",
        "ReportName": "Squash",
        "ReportSortOrdr": "61.0",
        "ReportURL": "https://app.powerbi.com/reportEmbed?reportId=688ed60e-173d-417a-a9eb-d236c599d91b&autoAuth=true&ctid=4477f0b7-df69-43a9-8f1a-8f8d846b71f4",
        "VisualName2": "Measure Card",
        "VisualType2": "Enabled"
    },
    {
        "PrcsParmtrName": "Section",
        "PrcsParmtrValueOne": "Button",
        "PrcsParmtrValueTwo": null,
        "ReportCtgyName": "Activity",
        "ReportCtgySortOrdr": "1.0",
        "ReportIcon": "url(stairsicon)",
        "VisualName1": "Measure Icon",
        "VisualType1": "Activity",
        "ReportName": "Stairs",
        "ReportSortOrdr": "62.0",
        "ReportURL": "https://app.powerbi.com/reportEmbed?reportId=688ed60e-173d-417a-a9eb-d236c599d91b&autoAuth=true&ctid=4477f0b7-df69-43a9-8f1a-8f8d846b71f4",
        "VisualName2": "Measure Card",
        "VisualType2": "Enabled"
    },
    {
        "PrcsParmtrName": "Section",
        "PrcsParmtrValueOne": "Button",
        "PrcsParmtrValueTwo": null,
        "ReportCtgyName": "Activity",
        "ReportCtgySortOrdr": "1.0",
        "ReportIcon": "url(strengthtrainingicon)",
        "VisualName1": "Measure Icon",
        "VisualType1": "Activity",
        "ReportName": "Strength Training",
        "ReportSortOrdr": "63.0",
        "ReportURL": "https://app.powerbi.com/reportEmbed?reportId=688ed60e-173d-417a-a9eb-d236c599d91b&autoAuth=true&ctid=4477f0b7-df69-43a9-8f1a-8f8d846b71f4",
        "VisualName2": "Measure Card",
        "VisualType2": "Enabled"
    },
    {
        "PrcsParmtrName": "Section",
        "PrcsParmtrValueOne": "Button",
        "PrcsParmtrValueTwo": null,
        "ReportCtgyName": "Activity",
        "ReportCtgySortOrdr": "1.0",
        "ReportIcon": "url(swimmingicon)",
        "VisualName1": "Measure Icon",
        "VisualType1": "Activity",
        "ReportName": "Swimming",
        "ReportSortOrdr": "65.0",
        "ReportURL": "https://app.powerbi.com/reportEmbed?reportId=688ed60e-173d-417a-a9eb-d236c599d91b&autoAuth=true&ctid=4477f0b7-df69-43a9-8f1a-8f8d846b71f4",
        "VisualName2": "Measure Card",
        "VisualType2": "Enabled"
    },
    {
        "PrcsParmtrName": "Section",
        "PrcsParmtrValueOne": "Button",
        "PrcsParmtrValueTwo": null,
        "ReportCtgyName": "Activity",
        "ReportCtgySortOrdr": "1.0",
        "ReportIcon": "url(walkingicon)",
        "VisualName1": "Measure Icon",
        "VisualType1": "Activity",
        "ReportName": "Walking",
        "ReportSortOrdr": "71.0",
        "ReportURL": "https://app.powerbi.com/reportEmbed?reportId=688ed60e-173d-417a-a9eb-d236c599d91b&autoAuth=true&ctid=4477f0b7-df69-43a9-8f1a-8f8d846b71f4",
        "VisualName2": "Measure Card",
        "VisualType2": "Enabled"
    },
    {
        "PrcsParmtrName": "Section",
        "PrcsParmtrValueOne": "Header",
        "PrcsParmtrValueTwo": null,
        "ReportCtgyName": "Nutrition",
        "ReportCtgySortOrdr": "2.0",
        "ReportIcon": null,
        "VisualName1": null,
        "VisualType1": null,
        "ReportName": null,
        "ReportSortOrdr": null,
        "ReportURL": null,
        "VisualName2": null,
        "VisualType2": null
    },
    {
        "PrcsParmtrName": "Section",
        "PrcsParmtrValueOne": "Button",
        "PrcsParmtrValueTwo": null,
        "ReportCtgyName": "Nutrition",
        "ReportCtgySortOrdr": "2.0",
        "ReportIcon": "url(caloriesicon)",
        "VisualName1": "Measure Icon",
        "VisualType1": "Nutrition",
        "ReportName": "Calories",
        "ReportSortOrdr": "78.0",
        "ReportURL": "https://app.powerbi.com/reportEmbed?reportId=b3da293e-505b-43b2-ab41-55618cc67aca&autoAuth=true&ctid=4477f0b7-df69-43a9-8f1a-8f8d846b71f4",
        "VisualName2": "Measure Card",
        "VisualType2": "Enabled"
    },
    {
        "PrcsParmtrName": "Section",
        "PrcsParmtrValueOne": "Button",
        "PrcsParmtrValueTwo": null,
        "ReportCtgyName": "Nutrition",
        "ReportCtgySortOrdr": "2.0",
        "ReportIcon": "url(watericon)",
        "VisualName1": "Measure Icon",
        "VisualType1": "Nutrition",
        "ReportName": "Water",
        "ReportSortOrdr": "79.0",
        "ReportURL": "https://app.powerbi.com/reportEmbed?reportId=8fcf8074-e0c9-4be7-8e8e-68f37c07dfda&autoAuth=true&ctid=4477f0b7-df69-43a9-8f1a-8f8d846b71f4",
        "VisualName2": "Measure Card",
        "VisualType2": "Enabled"
    },
    {
        "PrcsParmtrName": "Section",
        "PrcsParmtrValueOne": "Button",
        "PrcsParmtrValueTwo": null,
        "ReportCtgyName": "Nutrition",
        "ReportCtgySortOrdr": "2.0",
        "ReportIcon": "url(proteinsicon)",
        "VisualName1": "Measure Icon",
        "VisualType1": "Nutrition",
        "ReportName": "Proteins",
        "ReportSortOrdr": "80.0",
        "ReportURL": "https://app.powerbi.com/reportEmbed?reportId=e9dfcffc-b150-4b56-85df-5726f733ab1b&autoAuth=true&ctid=4477f0b7-df69-43a9-8f1a-8f8d846b71f4",
        "VisualName2": "Measure Card",
        "VisualType2": "Enabled"
    },
    {
        "PrcsParmtrName": "Section",
        "PrcsParmtrValueOne": "Button",
        "PrcsParmtrValueTwo": null,
        "ReportCtgyName": "Nutrition",
        "ReportCtgySortOrdr": "2.0",
        "ReportIcon": "url(carbohydratesicon)",
        "VisualName1": "Measure Icon",
        "VisualType1": "Nutrition",
        "ReportName": "Carbohydrates",
        "ReportSortOrdr": "81.0",
        "ReportURL": "https://app.powerbi.com/reportEmbed?reportId=dbc1648f-ea6b-4011-a052-7c7a68c69782&autoAuth=true&ctid=4477f0b7-df69-43a9-8f1a-8f8d846b71f4",
        "VisualName2": "Measure Card",
        "VisualType2": "Enabled"
    },
    {
        "PrcsParmtrName": "Section",
        "PrcsParmtrValueOne": "Button",
        "PrcsParmtrValueTwo": null,
        "ReportCtgyName": "Nutrition",
        "ReportCtgySortOrdr": "2.0",
        "ReportIcon": "url(fatsicon)",
        "VisualName1": "Measure Icon",
        "VisualType1": "Nutrition",
        "ReportName": "Fats",
        "ReportSortOrdr": "82.0",
        "ReportURL": "https://app.powerbi.com/reportEmbed?reportId=d233ee0f-fb68-4096-a0f2-cea0f4f7de96&autoAuth=true&ctid=4477f0b7-df69-43a9-8f1a-8f8d846b71f4",
        "VisualName2": "Measure Card",
        "VisualType2": "Enabled"
    },
    {
        "PrcsParmtrName": "Section",
        "PrcsParmtrValueOne": "Button",
        "PrcsParmtrValueTwo": null,
        "ReportCtgyName": "Nutrition",
        "ReportCtgySortOrdr": "2.0",
        "ReportIcon": "url(caffeineicon)",
        "VisualName1": "Measure Icon",
        "VisualType1": "Nutrition",
        "ReportName": "Caffeine",
        "ReportSortOrdr": "83.0",
        "ReportURL": "https://app.powerbi.com/reportEmbed?reportId=6ff0da24-d8a9-4a4c-9438-143e15c011b0&autoAuth=true&ctid=4477f0b7-df69-43a9-8f1a-8f8d846b71f4",
        "VisualName2": "Measure Card",
        "VisualType2": "Enabled"
    },
    {
        "PrcsParmtrName": "Section",
        "PrcsParmtrValueOne": "Button",
        "PrcsParmtrValueTwo": null,
        "ReportCtgyName": "Nutrition",
        "ReportCtgySortOrdr": "2.0",
        "ReportIcon": "url(calciumicon)",
        "VisualName1": "Measure Icon",
        "VisualType1": "Nutrition",
        "ReportName": "Calcium",
        "ReportSortOrdr": "85.0",
        "ReportURL": "https://app.powerbi.com/reportEmbed?reportId=6ff0da24-d8a9-4a4c-9438-143e15c011b0&autoAuth=true&ctid=4477f0b7-df69-43a9-8f1a-8f8d846b71f4",
        "VisualName2": "Measure Card",
        "VisualType2": "Enabled"
    },
    {
        "PrcsParmtrName": "Section",
        "PrcsParmtrValueOne": "Button",
        "PrcsParmtrValueTwo": null,
        "ReportCtgyName": "Nutrition",
        "ReportCtgySortOrdr": "2.0",
        "ReportIcon": "url(chlorideicon)",
        "VisualName1": "Measure Icon",
        "VisualType1": "Nutrition",
        "ReportName": "Chloride",
        "ReportSortOrdr": "86.0",
        "ReportURL": "https://app.powerbi.com/reportEmbed?reportId=6ff0da24-d8a9-4a4c-9438-143e15c011b0&autoAuth=true&ctid=4477f0b7-df69-43a9-8f1a-8f8d846b71f4",
        "VisualName2": "Measure Card",
        "VisualType2": "Enabled"
    },
    {
        "PrcsParmtrName": "Section",
        "PrcsParmtrValueOne": "Button",
        "PrcsParmtrValueTwo": null,
        "ReportCtgyName": "Nutrition",
        "ReportCtgySortOrdr": "2.0",
        "ReportIcon": "url(cholesterolicon)",
        "VisualName1": "Measure Icon",
        "VisualType1": "Nutrition",
        "ReportName": "Cholesterol",
        "ReportSortOrdr": "87.0",
        "ReportURL": "https://app.powerbi.com/reportEmbed?reportId=6ff0da24-d8a9-4a4c-9438-143e15c011b0&autoAuth=true&ctid=4477f0b7-df69-43a9-8f1a-8f8d846b71f4",
        "VisualName2": "Measure Card",
        "VisualType2": "Enabled"
    },
    {
        "PrcsParmtrName": "Section",
        "PrcsParmtrValueOne": "Button",
        "PrcsParmtrValueTwo": null,
        "ReportCtgyName": "Nutrition",
        "ReportCtgySortOrdr": "2.0",
        "ReportIcon": "url(chromiumicon)",
        "VisualName1": "Measure Icon",
        "VisualType1": "Nutrition",
        "ReportName": "Chromium",
        "ReportSortOrdr": "88.0",
        "ReportURL": "https://app.powerbi.com/reportEmbed?reportId=6ff0da24-d8a9-4a4c-9438-143e15c011b0&autoAuth=true&ctid=4477f0b7-df69-43a9-8f1a-8f8d846b71f4",
        "VisualName2": "Measure Card",
        "VisualType2": "Enabled"
    },
    {
        "PrcsParmtrName": "Section",
        "PrcsParmtrValueOne": "Button",
        "PrcsParmtrValueTwo": null,
        "ReportCtgyName": "Nutrition",
        "ReportCtgySortOrdr": "2.0",
        "ReportIcon": "url(coppericon)",
        "VisualName1": "Measure Icon",
        "VisualType1": "Nutrition",
        "ReportName": "Copper",
        "ReportSortOrdr": "89.0",
        "ReportURL": "https://app.powerbi.com/reportEmbed?reportId=6ff0da24-d8a9-4a4c-9438-143e15c011b0&autoAuth=true&ctid=4477f0b7-df69-43a9-8f1a-8f8d846b71f4",
        "VisualName2": "Measure Card",
        "VisualType2": "Enabled"
    },
    {
        "PrcsParmtrName": "Section",
        "PrcsParmtrValueOne": "Button",
        "PrcsParmtrValueTwo": null,
        "ReportCtgyName": "Nutrition",
        "ReportCtgySortOrdr": "2.0",
        "ReportIcon": "url(fibericon)",
        "VisualName1": "Measure Icon",
        "VisualType1": "Nutrition",
        "ReportName": "Fiber",
        "ReportSortOrdr": "90.0",
        "ReportURL": "https://app.powerbi.com/reportEmbed?reportId=6ff0da24-d8a9-4a4c-9438-143e15c011b0&autoAuth=true&ctid=4477f0b7-df69-43a9-8f1a-8f8d846b71f4",
        "VisualName2": "Measure Card",
        "VisualType2": "Enabled"
    },
    {
        "PrcsParmtrName": "Section",
        "PrcsParmtrValueOne": "Button",
        "PrcsParmtrValueTwo": null,
        "ReportCtgyName": "Nutrition",
        "ReportCtgySortOrdr": "2.0",
        "ReportIcon": "url(folateicon)",
        "VisualName1": "Measure Icon",
        "VisualType1": "Nutrition",
        "ReportName": "Folate",
        "ReportSortOrdr": "91.0",
        "ReportURL": "https://app.powerbi.com/reportEmbed?reportId=6ff0da24-d8a9-4a4c-9438-143e15c011b0&autoAuth=true&ctid=4477f0b7-df69-43a9-8f1a-8f8d846b71f4",
        "VisualName2": "Measure Card",
        "VisualType2": "Enabled"
    },
    {
        "PrcsParmtrName": "Section",
        "PrcsParmtrValueOne": "Button",
        "PrcsParmtrValueTwo": null,
        "ReportCtgyName": "Nutrition",
        "ReportCtgySortOrdr": "2.0",
        "ReportIcon": "url(iodineicon)",
        "VisualName1": "Measure Icon",
        "VisualType1": "Nutrition",
        "ReportName": "Iodine",
        "ReportSortOrdr": "92.0",
        "ReportURL": "https://app.powerbi.com/reportEmbed?reportId=6ff0da24-d8a9-4a4c-9438-143e15c011b0&autoAuth=true&ctid=4477f0b7-df69-43a9-8f1a-8f8d846b71f4",
        "VisualName2": "Measure Card",
        "VisualType2": "Enabled"
    },
    {
        "PrcsParmtrName": "Section",
        "PrcsParmtrValueOne": "Button",
        "PrcsParmtrValueTwo": null,
        "ReportCtgyName": "Nutrition",
        "ReportCtgySortOrdr": "2.0",
        "ReportIcon": "url(ironicon)",
        "VisualName1": "Measure Icon",
        "VisualType1": "Nutrition",
        "ReportName": "Iron",
        "ReportSortOrdr": "93.0",
        "ReportURL": "https://app.powerbi.com/reportEmbed?reportId=6ff0da24-d8a9-4a4c-9438-143e15c011b0&autoAuth=true&ctid=4477f0b7-df69-43a9-8f1a-8f8d846b71f4",
        "VisualName2": "Measure Card",
        "VisualType2": "Enabled"
    },
    {
        "PrcsParmtrName": "Section",
        "PrcsParmtrValueOne": "Button",
        "PrcsParmtrValueTwo": null,
        "ReportCtgyName": "Nutrition",
        "ReportCtgySortOrdr": "2.0",
        "ReportIcon": "url(magnesiumicon)",
        "VisualName1": "Measure Icon",
        "VisualType1": "Nutrition",
        "ReportName": "Magnesium",
        "ReportSortOrdr": "94.0",
        "ReportURL": "https://app.powerbi.com/reportEmbed?reportId=6ff0da24-d8a9-4a4c-9438-143e15c011b0&autoAuth=true&ctid=4477f0b7-df69-43a9-8f1a-8f8d846b71f4",
        "VisualName2": "Measure Card",
        "VisualType2": "Enabled"
    },
    {
        "PrcsParmtrName": "Section",
        "PrcsParmtrValueOne": "Button",
        "PrcsParmtrValueTwo": null,
        "ReportCtgyName": "Nutrition",
        "ReportCtgySortOrdr": "2.0",
        "ReportIcon": "url(manganeseicon)",
        "VisualName1": "Measure Icon",
        "VisualType1": "Nutrition",
        "ReportName": "Manganese",
        "ReportSortOrdr": "95.0",
        "ReportURL": "https://app.powerbi.com/reportEmbed?reportId=6ff0da24-d8a9-4a4c-9438-143e15c011b0&autoAuth=true&ctid=4477f0b7-df69-43a9-8f1a-8f8d846b71f4",
        "VisualName2": "Measure Card",
        "VisualType2": "Enabled"
    },
    {
        "PrcsParmtrName": "Section",
        "PrcsParmtrValueOne": "Button",
        "PrcsParmtrValueTwo": null,
        "ReportCtgyName": "Nutrition",
        "ReportCtgySortOrdr": "2.0",
        "ReportIcon": "url(molybdenumicon)",
        "VisualName1": "Measure Icon",
        "VisualType1": "Nutrition",
        "ReportName": "Molybdenum",
        "ReportSortOrdr": "96.0",
        "ReportURL": "https://app.powerbi.com/reportEmbed?reportId=6ff0da24-d8a9-4a4c-9438-143e15c011b0&autoAuth=true&ctid=4477f0b7-df69-43a9-8f1a-8f8d846b71f4",
        "VisualName2": "Measure Card",
        "VisualType2": "Enabled"
    },
    {
        "PrcsParmtrName": "Section",
        "PrcsParmtrValueOne": "Button",
        "PrcsParmtrValueTwo": null,
        "ReportCtgyName": "Nutrition",
        "ReportCtgySortOrdr": "2.0",
        "ReportIcon": "url(monounsaturatedfaticon)",
        "VisualName1": "Measure Icon",
        "VisualType1": "Nutrition",
        "ReportName": "Monounsaturated Fat",
        "ReportSortOrdr": "97.0",
        "ReportURL": "https://app.powerbi.com/reportEmbed?reportId=6ff0da24-d8a9-4a4c-9438-143e15c011b0&autoAuth=true&ctid=4477f0b7-df69-43a9-8f1a-8f8d846b71f4",
        "VisualName2": "Measure Card",
        "VisualType2": "Enabled"
    },
    {
        "PrcsParmtrName": "Section",
        "PrcsParmtrValueOne": "Button",
        "PrcsParmtrValueTwo": null,
        "ReportCtgyName": "Nutrition",
        "ReportCtgySortOrdr": "2.0",
        "ReportIcon": "url(pantothenicacidicon)",
        "VisualName1": "Measure Icon",
        "VisualType1": "Nutrition",
        "ReportName": "Pantothenic Acid",
        "ReportSortOrdr": "99.0",
        "ReportURL": "https://app.powerbi.com/reportEmbed?reportId=6ff0da24-d8a9-4a4c-9438-143e15c011b0&autoAuth=true&ctid=4477f0b7-df69-43a9-8f1a-8f8d846b71f4",
        "VisualName2": "Measure Card",
        "VisualType2": "Enabled"
    },
    {
        "PrcsParmtrName": "Section",
        "PrcsParmtrValueOne": "Button",
        "PrcsParmtrValueTwo": null,
        "ReportCtgyName": "Nutrition",
        "ReportCtgySortOrdr": "2.0",
        "ReportIcon": "url(phosphorusicon)",
        "VisualName1": "Measure Icon",
        "VisualType1": "Nutrition",
        "ReportName": "Phosphorus",
        "ReportSortOrdr": "100.0",
        "ReportURL": "https://app.powerbi.com/reportEmbed?reportId=6ff0da24-d8a9-4a4c-9438-143e15c011b0&autoAuth=true&ctid=4477f0b7-df69-43a9-8f1a-8f8d846b71f4",
        "VisualName2": "Measure Card",
        "VisualType2": "Enabled"
    },
    {
        "PrcsParmtrName": "Section",
        "PrcsParmtrValueOne": "Button",
        "PrcsParmtrValueTwo": null,
        "ReportCtgyName": "Nutrition",
        "ReportCtgySortOrdr": "2.0",
        "ReportIcon": "url(polyunsaturatedfaticon)",
        "VisualName1": "Measure Icon",
        "VisualType1": "Nutrition",
        "ReportName": "Polyunsaturated Fat",
        "ReportSortOrdr": "101.0",
        "ReportURL": "https://app.powerbi.com/reportEmbed?reportId=6ff0da24-d8a9-4a4c-9438-143e15c011b0&autoAuth=true&ctid=4477f0b7-df69-43a9-8f1a-8f8d846b71f4",
        "VisualName2": "Measure Card",
        "VisualType2": "Enabled"
    },
    {
        "PrcsParmtrName": "Section",
        "PrcsParmtrValueOne": "Button",
        "PrcsParmtrValueTwo": null,
        "ReportCtgyName": "Nutrition",
        "ReportCtgySortOrdr": "2.0",
        "ReportIcon": "url(potassiumicon)",
        "VisualName1": "Measure Icon",
        "VisualType1": "Nutrition",
        "ReportName": "Potassium",
        "ReportSortOrdr": "102.0",
        "ReportURL": "https://app.powerbi.com/reportEmbed?reportId=6ff0da24-d8a9-4a4c-9438-143e15c011b0&autoAuth=true&ctid=4477f0b7-df69-43a9-8f1a-8f8d846b71f4",
        "VisualName2": "Measure Card",
        "VisualType2": "Enabled"
    },
    {
        "PrcsParmtrName": "Section",
        "PrcsParmtrValueOne": "Button",
        "PrcsParmtrValueTwo": null,
        "ReportCtgyName": "Nutrition",
        "ReportCtgySortOrdr": "2.0",
        "ReportIcon": "url(riboflavinicon)",
        "VisualName1": "Measure Icon",
        "VisualType1": "Nutrition",
        "ReportName": "Riboflavin",
        "ReportSortOrdr": "103.0",
        "ReportURL": "https://app.powerbi.com/reportEmbed?reportId=6ff0da24-d8a9-4a4c-9438-143e15c011b0&autoAuth=true&ctid=4477f0b7-df69-43a9-8f1a-8f8d846b71f4",
        "VisualName2": "Measure Card",
        "VisualType2": "Enabled"
    },
    {
        "PrcsParmtrName": "Section",
        "PrcsParmtrValueOne": "Button",
        "PrcsParmtrValueTwo": null,
        "ReportCtgyName": "Nutrition",
        "ReportCtgySortOrdr": "2.0",
        "ReportIcon": "url(saturatedfaticon)",
        "VisualName1": "Measure Icon",
        "VisualType1": "Nutrition",
        "ReportName": "Saturated Fat",
        "ReportSortOrdr": "104.0",
        "ReportURL": "https://app.powerbi.com/reportEmbed?reportId=6ff0da24-d8a9-4a4c-9438-143e15c011b0&autoAuth=true&ctid=4477f0b7-df69-43a9-8f1a-8f8d846b71f4",
        "VisualName2": "Measure Card",
        "VisualType2": "Enabled"
    },
    {
        "PrcsParmtrName": "Section",
        "PrcsParmtrValueOne": "Button",
        "PrcsParmtrValueTwo": null,
        "ReportCtgyName": "Nutrition",
        "ReportCtgySortOrdr": "2.0",
        "ReportIcon": "url(seleniumicon)",
        "VisualName1": "Measure Icon",
        "VisualType1": "Nutrition",
        "ReportName": "Selenium",
        "ReportSortOrdr": "105.0",
        "ReportURL": "https://app.powerbi.com/reportEmbed?reportId=6ff0da24-d8a9-4a4c-9438-143e15c011b0&autoAuth=true&ctid=4477f0b7-df69-43a9-8f1a-8f8d846b71f4",
        "VisualName2": "Measure Card",
        "VisualType2": "Enabled"
    },
    {
        "PrcsParmtrName": "Section",
        "PrcsParmtrValueOne": "Button",
        "PrcsParmtrValueTwo": null,
        "ReportCtgyName": "Nutrition",
        "ReportCtgySortOrdr": "2.0",
        "ReportIcon": "url(sodiumicon)",
        "VisualName1": "Measure Icon",
        "VisualType1": "Nutrition",
        "ReportName": "Sodium",
        "ReportSortOrdr": "106.0",
        "ReportURL": "https://app.powerbi.com/reportEmbed?reportId=6ff0da24-d8a9-4a4c-9438-143e15c011b0&autoAuth=true&ctid=4477f0b7-df69-43a9-8f1a-8f8d846b71f4",
        "VisualName2": "Measure Card",
        "VisualType2": "Enabled"
    },
    {
        "PrcsParmtrName": "Section",
        "PrcsParmtrValueOne": "Button",
        "PrcsParmtrValueTwo": null,
        "ReportCtgyName": "Nutrition",
        "ReportCtgySortOrdr": "2.0",
        "ReportIcon": "url(sugaricon)",
        "VisualName1": "Measure Icon",
        "VisualType1": "Nutrition",
        "ReportName": "Sugar",
        "ReportSortOrdr": "107.0",
        "ReportURL": "https://app.powerbi.com/reportEmbed?reportId=6ff0da24-d8a9-4a4c-9438-143e15c011b0&autoAuth=true&ctid=4477f0b7-df69-43a9-8f1a-8f8d846b71f4",
        "VisualName2": "Measure Card",
        "VisualType2": "Enabled"
    },
    {
        "PrcsParmtrName": "Section",
        "PrcsParmtrValueOne": "Button",
        "PrcsParmtrValueTwo": null,
        "ReportCtgyName": "Nutrition",
        "ReportCtgySortOrdr": "2.0",
        "ReportIcon": "url(thiaminicon)",
        "VisualName1": "Measure Icon",
        "VisualType1": "Nutrition",
        "ReportName": "Thiamin",
        "ReportSortOrdr": "108.0",
        "ReportURL": "https://app.powerbi.com/reportEmbed?reportId=6ff0da24-d8a9-4a4c-9438-143e15c011b0&autoAuth=true&ctid=4477f0b7-df69-43a9-8f1a-8f8d846b71f4",
        "VisualName2": "Measure Card",
        "VisualType2": "Enabled"
    },
    {
        "PrcsParmtrName": "Section",
        "PrcsParmtrValueOne": "Button",
        "PrcsParmtrValueTwo": null,
        "ReportCtgyName": "Nutrition",
        "ReportCtgySortOrdr": "2.0",
        "ReportIcon": "url(vitaminaicon)",
        "VisualName1": "Measure Icon",
        "VisualType1": "Nutrition",
        "ReportName": "Vitamin A",
        "ReportSortOrdr": "109.0",
        "ReportURL": "https://app.powerbi.com/reportEmbed?reportId=6ff0da24-d8a9-4a4c-9438-143e15c011b0&autoAuth=true&ctid=4477f0b7-df69-43a9-8f1a-8f8d846b71f4",
        "VisualName2": "Measure Card",
        "VisualType2": "Enabled"
    },
    {
        "PrcsParmtrName": "Section",
        "PrcsParmtrValueOne": "Button",
        "PrcsParmtrValueTwo": null,
        "ReportCtgyName": "Nutrition",
        "ReportCtgySortOrdr": "2.0",
        "ReportIcon": "url(vitaminb6icon)",
        "VisualName1": "Measure Icon",
        "VisualType1": "Nutrition",
        "ReportName": "Vitamin B6",
        "ReportSortOrdr": "111.0",
        "ReportURL": "https://app.powerbi.com/reportEmbed?reportId=6ff0da24-d8a9-4a4c-9438-143e15c011b0&autoAuth=true&ctid=4477f0b7-df69-43a9-8f1a-8f8d846b71f4",
        "VisualName2": "Measure Card",
        "VisualType2": "Enabled"
    },
    {
        "PrcsParmtrName": "Section",
        "PrcsParmtrValueOne": "Button",
        "PrcsParmtrValueTwo": null,
        "ReportCtgyName": "Nutrition",
        "ReportCtgySortOrdr": "2.0",
        "ReportIcon": "url(vitamincicon)",
        "VisualName1": "Measure Icon",
        "VisualType1": "Nutrition",
        "ReportName": "Vitamin C",
        "ReportSortOrdr": "112.0",
        "ReportURL": "https://app.powerbi.com/reportEmbed?reportId=6ff0da24-d8a9-4a4c-9438-143e15c011b0&autoAuth=true&ctid=4477f0b7-df69-43a9-8f1a-8f8d846b71f4",
        "VisualName2": "Measure Card",
        "VisualType2": "Enabled"
    },
    {
        "PrcsParmtrName": "Section",
        "PrcsParmtrValueOne": "Button",
        "PrcsParmtrValueTwo": null,
        "ReportCtgyName": "Nutrition",
        "ReportCtgySortOrdr": "2.0",
        "ReportIcon": "url(vitamindicon)",
        "VisualName1": "Measure Icon",
        "VisualType1": "Nutrition",
        "ReportName": "Vitamin D",
        "ReportSortOrdr": "113.0",
        "ReportURL": "https://app.powerbi.com/reportEmbed?reportId=6ff0da24-d8a9-4a4c-9438-143e15c011b0&autoAuth=true&ctid=4477f0b7-df69-43a9-8f1a-8f8d846b71f4",
        "VisualName2": "Measure Card",
        "VisualType2": "Enabled"
    },
    {
        "PrcsParmtrName": "Section",
        "PrcsParmtrValueOne": "Button",
        "PrcsParmtrValueTwo": null,
        "ReportCtgyName": "Nutrition",
        "ReportCtgySortOrdr": "2.0",
        "ReportIcon": "url(vitamineicon)",
        "VisualName1": "Measure Icon",
        "VisualType1": "Nutrition",
        "ReportName": "Vitamin E",
        "ReportSortOrdr": "114.0",
        "ReportURL": "https://app.powerbi.com/reportEmbed?reportId=6ff0da24-d8a9-4a4c-9438-143e15c011b0&autoAuth=true&ctid=4477f0b7-df69-43a9-8f1a-8f8d846b71f4",
        "VisualName2": "Measure Card",
        "VisualType2": "Enabled"
    },
    {
        "PrcsParmtrName": "Section",
        "PrcsParmtrValueOne": "Button",
        "PrcsParmtrValueTwo": null,
        "ReportCtgyName": "Nutrition",
        "ReportCtgySortOrdr": "2.0",
        "ReportIcon": "url(vitaminkicon)",
        "VisualName1": "Measure Icon",
        "VisualType1": "Nutrition",
        "ReportName": "Vitamin K",
        "ReportSortOrdr": "115.0",
        "ReportURL": "https://app.powerbi.com/reportEmbed?reportId=6ff0da24-d8a9-4a4c-9438-143e15c011b0&autoAuth=true&ctid=4477f0b7-df69-43a9-8f1a-8f8d846b71f4",
        "VisualName2": "Measure Card",
        "VisualType2": "Enabled"
    },
    {
        "PrcsParmtrName": "Section",
        "PrcsParmtrValueOne": "Button",
        "PrcsParmtrValueTwo": null,
        "ReportCtgyName": "Nutrition",
        "ReportCtgySortOrdr": "2.0",
        "ReportIcon": "url(zincicon)",
        "VisualName1": "Measure Icon",
        "VisualType1": "Nutrition",
        "ReportName": "Zinc",
        "ReportSortOrdr": "116.0",
        "ReportURL": "https://app.powerbi.com/reportEmbed?reportId=6ff0da24-d8a9-4a4c-9438-143e15c011b0&autoAuth=true&ctid=4477f0b7-df69-43a9-8f1a-8f8d846b71f4",
        "VisualName2": "Measure Card",
        "VisualType2": "Enabled"
    },
    {
        "PrcsParmtrName": "Section",
        "PrcsParmtrValueOne": "Header",
        "PrcsParmtrValueTwo": null,
        "ReportCtgyName": "Sleep",
        "ReportCtgySortOrdr": "3.0",
        "ReportIcon": null,
        "VisualName1": null,
        "VisualType1": null,
        "ReportName": null,
        "ReportSortOrdr": null,
        "ReportURL": null,
        "VisualName2": null,
        "VisualType2": null
    },
    {
        "PrcsParmtrName": "Section",
        "PrcsParmtrValueOne": "Button",
        "PrcsParmtrValueTwo": null,
        "ReportCtgyName": "Sleep",
        "ReportCtgySortOrdr": "3.0",
        "ReportIcon": "url(sleeptimeicon)",
        "VisualName1": "Measure Icon",
        "VisualType1": "Sleep",
        "ReportName": "Sleep Time",
        "ReportSortOrdr": "117.0",
        "ReportURL": "https://app.powerbi.com/reportEmbed?reportId=f7d3bd3c-4a11-4ffc-8e8a-3c0e87745bb5&autoAuth=true&ctid=4477f0b7-df69-43a9-8f1a-8f8d846b71f4",
        "VisualName2": "Measure Card",
        "VisualType2": "Enabled"
    },
    {
        "PrcsParmtrName": "Section",
        "PrcsParmtrValueOne": "Button",
        "PrcsParmtrValueTwo": null,
        "ReportCtgyName": "Sleep",
        "ReportCtgySortOrdr": "3.0",
        "ReportIcon": "url(timeinbedicon)",
        "VisualName1": "Measure Icon",
        "VisualType1": "Sleep",
        "ReportName": "Time in Bed",
        "ReportSortOrdr": "118.0",
        "ReportURL": "https://app.powerbi.com/reportEmbed?reportId=7a429b5b-2b83-4cf4-8973-4ef6b6881898&autoAuth=true&ctid=4477f0b7-df69-43a9-8f1a-8f8d846b71f4",
        "VisualName2": "Measure Card",
        "VisualType2": "Enabled"
    },
    {
        "PrcsParmtrName": "Section",
        "PrcsParmtrValueOne": "Header",
        "PrcsParmtrValueTwo": null,
        "ReportCtgyName": "Physiologic",
        "ReportCtgySortOrdr": "4.0",
        "ReportIcon": null,
        "VisualName1": null,
        "VisualType1": null,
        "ReportName": null,
        "ReportSortOrdr": null,
        "ReportURL": null,
        "VisualName2": null,
        "VisualType2": null
    },
    {
        "PrcsParmtrName": "Section",
        "PrcsParmtrValueOne": "Button",
        "PrcsParmtrValueTwo": null,
        "ReportCtgyName": "Physiologic",
        "ReportCtgySortOrdr": "4.0",
        "ReportIcon": "url(bloodoxygensaturationicon)",
        "VisualName1": "Measure Icon",
        "VisualType1": "Physiologic",
        "ReportName": "Blood Oxygen Saturation",
        "ReportSortOrdr": "119.0",
        "ReportURL": "https://app.powerbi.com/reportEmbed?reportId=bfb67ced-6121-4cbc-9731-51632188fdbc&autoAuth=true&ctid=4477f0b7-df69-43a9-8f1a-8f8d846b71f4",
        "VisualName2": "Measure Card",
        "VisualType2": "Enabled"
    },
    {
        "PrcsParmtrName": "Section",
        "PrcsParmtrValueOne": "Button",
        "PrcsParmtrValueTwo": null,
        "ReportCtgyName": "Physiologic",
        "ReportCtgySortOrdr": "4.0",
        "ReportIcon": "url(bodyfatpercentageicon)",
        "VisualName1": "Measure Icon",
        "VisualType1": "Physiologic",
        "ReportName": "Body Fat Percentage",
        "ReportSortOrdr": "121.0",
        "ReportURL": "https://app.powerbi.com/reportEmbed?reportId=adf884ae-5a67-4ae2-9bc5-beed471f2e3f&autoAuth=true&ctid=4477f0b7-df69-43a9-8f1a-8f8d846b71f4",
        "VisualName2": "Measure Card",
        "VisualType2": "Enabled"
    },
    {
        "PrcsParmtrName": "Section",
        "PrcsParmtrValueOne": "Button",
        "PrcsParmtrValueTwo": null,
        "ReportCtgyName": "Physiologic",
        "ReportCtgySortOrdr": "4.0",
        "ReportIcon": "url(bodymassindexicon)",
        "VisualName1": "Measure Icon",
        "VisualType1": "Physiologic",
        "ReportName": "Body Mass Index",
        "ReportSortOrdr": "122.0",
        "ReportURL": "https://app.powerbi.com/reportEmbed?reportId=bfb67ced-6121-4cbc-9731-51632188fdbc&autoAuth=true&ctid=4477f0b7-df69-43a9-8f1a-8f8d846b71f4",
        "VisualName2": "Measure Card",
        "VisualType2": "Enabled"
    },
    {
        "PrcsParmtrName": "Section",
        "PrcsParmtrValueOne": "Button",
        "PrcsParmtrValueTwo": null,
        "ReportCtgyName": "Physiologic",
        "ReportCtgySortOrdr": "4.0",
        "ReportIcon": "url(heartrateicon)",
        "VisualName1": "Measure Icon",
        "VisualType1": "Physiologic",
        "ReportName": "Heart Rate",
        "ReportSortOrdr": "123.0",
        "ReportURL": "https://app.powerbi.com/reportEmbed?reportId=bfb67ced-6121-4cbc-9731-51632188fdbc&autoAuth=true&ctid=4477f0b7-df69-43a9-8f1a-8f8d846b71f4",
        "VisualName2": "Measure Card",
        "VisualType2": "Enabled"
    },
    {
        "PrcsParmtrName": "Section",
        "PrcsParmtrValueOne": "Button",
        "PrcsParmtrValueTwo": null,
        "ReportCtgyName": "Physiologic",
        "ReportCtgySortOrdr": "4.0",
        "ReportIcon": "url(heartratevariabilityicon)",
        "VisualName1": "Measure Icon",
        "VisualType1": "Physiologic",
        "ReportName": "Heart Rate Variability",
        "ReportSortOrdr": "124.0",
        "ReportURL": "https://app.powerbi.com/reportEmbed?reportId=adf884ae-5a67-4ae2-9bc5-beed471f2e3f&autoAuth=true&ctid=4477f0b7-df69-43a9-8f1a-8f8d846b71f4",
        "VisualName2": "Measure Card",
        "VisualType2": "Enabled"
    },
    {
        "PrcsParmtrName": "Section",
        "PrcsParmtrValueOne": "Button",
        "PrcsParmtrValueTwo": null,
        "ReportCtgyName": "Physiologic",
        "ReportCtgySortOrdr": "4.0",
        "ReportIcon": "url(heighticon)",
        "VisualName1": "Measure Icon",
        "VisualType1": "Physiologic",
        "ReportName": "Height",
        "ReportSortOrdr": "125.0",
        "ReportURL": "https://app.powerbi.com/reportEmbed?reportId=bfb67ced-6121-4cbc-9731-51632188fdbc&autoAuth=true&ctid=4477f0b7-df69-43a9-8f1a-8f8d846b71f4",
        "VisualName2": "Measure Card",
        "VisualType2": "Enabled"
    },
    {
        "PrcsParmtrName": "Section",
        "PrcsParmtrValueOne": "Button",
        "PrcsParmtrValueTwo": null,
        "ReportCtgyName": "Physiologic",
        "ReportCtgySortOrdr": "4.0",
        "ReportIcon": "url(respiratoryrateicon)",
        "VisualName1": "Measure Icon",
        "VisualType1": "Physiologic",
        "ReportName": "Respiratory Rate",
        "ReportSortOrdr": "126.0",
        "ReportURL": "https://app.powerbi.com/reportEmbed?reportId=adf884ae-5a67-4ae2-9bc5-beed471f2e3f&autoAuth=true&ctid=4477f0b7-df69-43a9-8f1a-8f8d846b71f4",
        "VisualName2": "Measure Card",
        "VisualType2": "Enabled"
    },
    {
        "PrcsParmtrName": "Section",
        "PrcsParmtrValueOne": "Button",
        "PrcsParmtrValueTwo": null,
        "ReportCtgyName": "Physiologic",
        "ReportCtgySortOrdr": "4.0",
        "ReportIcon": "url(weighticon)",
        "VisualName1": "Measure Icon",
        "VisualType1": "Physiologic",
        "ReportName": "Weight",
        "ReportSortOrdr": "127.0",
        "ReportURL": "https://app.powerbi.com/reportEmbed?reportId=bfb67ced-6121-4cbc-9731-51632188fdbc&autoAuth=true&ctid=4477f0b7-df69-43a9-8f1a-8f8d846b71f4",
        "VisualName2": "Measure Card",
        "VisualType2": "Enabled"
    }
]