[
    {
        "PrcsParmtrName": "No Data",
        "PrcsParmtrValueOne": "Empty State",
        "PrcsParmtrX": "",
        "RcmndtnSeriesId": "",
        "QtyDescrptr_Qty_UnitIdArray": [],
        "DayofWeekFreqcy": "",
        "StartDate": "",
        "EndDate": "",
        "ActnPhrase": "",
        "ClinicianId": "",
        "Clinician": "",
        "VisualName1": "",
        "VisualType1": "",
        "VisualFnctn1":"",
        "ChangedOccurncArray": [],
        "VisualName2": "",
        "VisualType2": ""
    }
]